"AccountLength","IntlPlan","VMailPlan","VMailMessage","DayMins","DayCalls","DayCharge","EveMins","EveCalls","EveCharge","NightMins","NightCalls","NightCharge","IntlMins","IntlCalls","IntlCharge","CustServCalls","Churn"
110.491240240633,8.94069671630859e-08,0,0.00414329767227173,136.374135747552,114.570558518171,23.7330582037568,171.37711685393,99.6055321395397,14.5314211668633,181.278451395035,133.765756309032,8.16920894339681,12.7854469418526,12.022619843483,3.44521768391132,2.04503336548805,0
19.5197358131409,0,0,0.000221908092498779,128.091997504234,99.4132054969668,22.4846934896708,178.096136919595,79.9190538749099,15.121493832022,219.793603446707,117.883989319205,9.85198372540995,11.6762313246727,2.21337854862213,3.16719126999378,0.447175204753876,0
115.880319155753,1,1,28.7445182204247,188.119160343707,101.195090599358,31.3117720849067,189.634195815958,93.7992125377059,15.9637715637498,243.79810628444,105.938972493634,11.0268035135418,7.52379104495049,1.97612106800079,2.04518890678883,0.499881148338318,0.79309606552124
105.772911325097,1.564621925354e-05,1,23.486091915518,224.039042085409,145.553583651781,36.0993344861269,205.170696769655,103.150515183806,18.1820246047527,215.859377892688,75.8863298296928,9.51077071669046,10.2066782861948,7.42088347673416,2.8458096396178,0.872055351734161,0.00101357698440552
141.525194138288,1.17123126983643e-05,0,0.00647637248039246,218.99063308537,65.3514743596315,37.640173432231,237.525787267089,120.886622071266,19.9958571942151,222.779079589993,89.5970660597086,9.97691996965557,13.2573559880257,2.80746877193451,3.56037690639496,5.59271961450577,0.999995857477188
122.228869566228,0,0,0.00144240260124207,286.667541253567,87.368182009086,49.0016844427586,232.041628457606,91.9530999660492,19.5232030062377,148.40031503439,97.7823085859418,6.54578388124704,14.2826527357101,1.59925878047943,3.83796397447586,3.98715094104409,0.132800877094269
92.4914986044168,5.96046447753906e-08,1,36.0820240527391,163.359120664001,112.890728786588,26.6805860379338,154.14456564486,120.349300503731,13.2285503850132,195.791879045218,115.871714115143,8.73877673894167,5.35460770130157,4.55243825912476,1.47804742455482,2.090067923069,1.75833702087402e-06
154.937529236078,8.94069671630859e-08,0,0.164183109998703,101.014211845398,128.056324571371,17.0407543838024,179.60277246628,121.497011184692,15.346171013033,242.494440729916,101.044770434499,11.0064452194422,15.8398479223251,8.14466327428818,4.26163659095764,0.383111983537674,9.83476638793945e-07
191.512808084488,8.7440013885498e-05,1,32.9692652821541,247.992548280954,113.997255563736,40.3419671541452,190.265717280097,101.807736903429,16.5555776777863,233.11768655926,97.0605566650629,10.2317277795076,9.29318681359291,7.14297473430634,2.59902300797403,0.593399584293365,1.2516975402832e-06
89.3977894186974,0,5.96046447753906e-07,0.483394861221313,132.141851070523,83.9139062538743,22.4004064616561,154.337661584467,152.525406479836,13.0306403595209,204.263117505796,100.113548304886,9.17975346439518,14.0831404924393,4.2822676897049,3.77790885865688,2.26524379849434,0
51.4708396196365,0,0,0.000603407621383667,215.038235196471,96.3983320444822,37.0479220327735,130.408530643582,100.03585524857,10.9522040647268,190.661601786315,125.969318628311,8.49827848166227,11.2175586819649,4.69912469387054,3.05780349075794,0.359478771686554,0
46.3270463347435,0,5.96046447753906e-08,0.000275105237960815,189.033772741258,95.8885592222214,32.7079754729569,129.24735904038,69.1741532087326,11.0321868284047,195.419747261703,90.6604907661676,8.66023608665913,11.5832279622555,2.18230426311493,3.16429367959499,1.99019399285316,0.0060085654258728
91.6920358538628,5.96046447753906e-08,0,0.00261425971984863,150.914709952474,87.7198065631092,25.9080092328787,175.067041410878,98.7364313751459,14.9761988565233,202.328187704831,81.5163516700268,9.06866957865655,9.31565523147583,2.94351696968079,2.50503972172737,0.567591100931168,0
69.5547625124454,0,0,0.000659644603729248,260.903231364489,72.4245295487344,44.8206977033615,211.80960772261,87.6367909274995,17.9182158862054,189.456365729123,109.032242186368,8.49238941449672,12.6938164234161,5.441914498806,3.40484799742699,3.71865454316139,0.223123610019684
15.8544429540634,0,0,0.000106394290924072,124.321850383282,131.483116149902,22.1108418506384,204.165001283586,58.4909301996231,17.4491649320722,142.421103617549,101.116921134293,6.3974081325531,12.2814776003361,3.37308168411255,3.28286764919758,0.268884479999542,0
112.521539576352,2.98023223876953e-07,1,23.0822062678635,186.542508244514,143.41784119606,30.1748791426979,189.106475714967,101.751227602363,16.6167816422507,223.775768106431,69.7117940485477,9.94074637256563,9.20008301734924,5.47788470983505,2.56579518578947,2.93976880609989,0.221881598234177
161.415925890207,4.64916229248047e-06,0,0.0232957899570465,168.719632470608,79.4928379263729,28.7891476741433,144.001339640468,96.0494030267,12.4104355189204,140.263740673661,109.143242530525,6.26954673752189,10.8256180584431,4.47002351284027,2.90493711009622,2.00283926725388,4.08291816711426e-06
86.9418571293354,0,0,0.00458711385726929,113.600147217512,71.9373699277639,19.4978528898954,162.640618981421,117.063675075769,14.0514026998729,145.162320449948,102.133987165987,6.48579194262624,8.416758030653,2.1862655878067,2.24534939825535,0.364670187234879,0
48.457850754261,0,0,0.00107458233833313,162.555662155151,115.03905236721,28.4689326187223,161.568279260397,93.9469752088189,13.6068330551684,225.310963550955,143.59023630619,10.1462996901944,12.7576324343681,8.22411343455315,3.43497786819935,0.669159382581711,0
155.260093182325,9.03010368347168e-06,1,31.2156814187765,206.000024166703,110.979912355542,33.9191343194246,220.979845239222,109.274437576532,18.5680606990308,155.469172081351,72.204836577177,6.90184225067496,7.48698532581329,3.41182231903076,2.05363090485334,2.54702460765839,4.69684600830078e-05
13.0696541070938,0,0,4.55975532531738e-06,140.547560718656,122.874595150352,24.7783844277263,193.002370358072,77.6210543513298,16.4744248879328,157.953271371126,71.8587937951088,7.03535195484757,9.7900683619082,0.486565828323364,2.66967297177762,0.266039997339249,0.308795735239983
100.526104927063,1.49011611938477e-07,1,40.0785956382751,136.75159060061,103.491563871503,22.0016484135389,255.462576106191,135.554220080376,21.6888782766461,289.739898607135,96.6468617245555,13.0346363115311,13.4265369176865,6.4284360408783,3.64725698232651,1.68589228391647,3.57627868652344e-07
172.17655095458,2.08616256713867e-07,0,0.0199854075908661,207.349011784792,121.350513696671,35.3235490107536,156.267360934615,120.530596375465,13.239217993021,168.843777441978,102.140737093985,7.49969646528363,9.63938776403666,2.51114904880524,2.61574972271919,3.89278918504715,1.86562538146973e-05
155.32094219327,7.45058059692383e-07,0,0.001556396484375,245.721692734957,108.994791805744,41.9945056861639,233.926814314723,109.088364094496,19.8101319763064,113.04764739871,97.6568366289139,5.04685620814562,8.31194669008255,2.9978084564209,2.22594519853592,2.32707944512367,0.297172084450722
173.075694799423,5.36441802978516e-07,0.0321939885616302,6.38023611903191,175.661005171272,115.896688252687,28.9689799038693,212.422347728163,142.792431414127,17.9774149962515,289.964472711086,110.029126673937,13.0579594880342,12.6558649539948,6.02055042982101,3.42843861579895,0.517806619405746,5.96046447753906e-08
143.854641333222,2.77161598205566e-06,2.98023223876953e-08,0.0243718922138214,158.952011944354,93.9234401285648,27.2761314234138,173.795363780856,116.840941160917,14.7932751782611,129.545464408398,94.3311090171337,5.77455671593547,10.0277192378417,1.90483093261719,2.69467006763443,4.29263248667121,0.837031930685043
81.7433776259422,0.000125795602798462,1,24.459734570235,213.298008263111,111.160038560629,34.2182494014502,205.055891682953,129.813837707043,17.9868076775968,182.123026759923,73.8438904881477,7.97791432186961,9.56152558326721,7.89923965930939,2.6400658601895,0.219407916069031,2.77161598205566e-06
99.271635890007,0,0,0.00117793679237366,129.811793428659,113.211302831769,22.4015444487333,191.957068783604,75.1915172860026,16.431919003427,205.268169724755,109.177526980639,9.25746350772679,17.0960545539856,9.6726393699646,4.61005570292473,0.252823680639267,0
95.6884967684746,0.000687628984451294,1,20.8457091674209,178.900993996114,118.91843251884,28.0913588599116,277.212009167671,120.206372439861,23.9043083891273,319.024877005815,100.228508941829,14.227932548523,6.7891252040863,11.2034153193235,1.91959192156792,0.377826690673828,0
61.0201027393341,0,0,0.000749319791793823,202.211534354091,112.250977233052,34.949488081634,173.118948100135,63.7971947342157,14.7771306363866,208.248601209139,112.613117076457,9.3234280200256,14.2575544118881,5.86670577526093,3.84930030405521,0.67315211892128,0
107.552164316177,7.9423189163208e-05,1,23.9482652004808,213.464908984303,137.763937264681,34.2526427391171,229.884971804917,90.1774090155959,20.0640934063494,204.264469327219,65.5529602766037,9.0163177341409,7.16350257396698,7.57267236709595,2.01592903733253,0.897349119186401,0.000144481658935547
137.14344149828,3.57627868652344e-07,1,36.3382268249989,228.393003261089,156.919160932302,36.5544871035218,225.490245984495,88.9772703312337,19.9235760377347,261.582134285569,95.7116258740425,11.4874326346815,8.75901415944099,6.99104338884354,2.50321325808764,0.802004635334015,3.57627868652344e-07
75.9291309416294,0,0,0.00139680504798889,131.804821753502,97.1026390045881,22.8457797664404,172.195221310668,62.0083837211132,14.8479412285239,231.897653874755,109.235545150936,10.410019473359,14.3512123823166,5.80331236124039,3.88299515247345,1.6368180513382,1.78813934326172e-07
92.2409571111202,0,0,0.00234219431877136,188.554598018527,99.1518084704876,32.4125867320597,251.217657551169,118.044881224632,21.287481803298,180.727509371936,90.7542470544577,8.14168923549354,12.9980927705765,3.90706181526184,3.47958651781082,2.14590132236481,0
146.284622460604,6.43730163574219e-06,0,0.00267809629440308,172.48464570269,102.230289503932,29.1059467132017,210.377071005106,116.631947308779,17.9228227563202,279.993648427725,80.7827699184418,12.5852498359978,6.98813050985336,4.30612206459045,1.90126299262047,0.227476805448532,0
63.348545640707,0,0,0.00039517879486084,235.369305473566,115.666235089302,40.6928759783506,113.160350123048,99.2920286953449,9.69082626163959,121.792895975709,124.052070349455,5.32638182103634,9.56518203020096,4.48768019676208,2.57386590242386,1.24685704708099,0
122.224996649311,7.45058059692383e-07,1,24.1624451726675,196.989350697398,148.401077985764,31.5833022002131,177.865783251356,105.787500217557,15.7955602939054,235.886923214793,88.8935437053442,10.4249457852915,8.29795151948929,6.06722325086594,2.33616664856672,1.05078595876694,7.81118869781494e-05
114.041873246431,0,0,0.00617998838424683,188.798484203219,109.240656048059,32.2179038487375,173.541787669621,118.283858001232,14.7446901320666,206.491455748957,107.148147638887,9.28816998743452,9.94628740940243,6.60183191299438,2.67066921461374,0.227897644042969,0
108.044850543141,5.96046447753906e-06,1,32.7811244577169,196.38953448683,158.267187774181,30.9601791798323,212.634168221056,96.2666931003332,19.0545226006955,276.824895909429,82.5424507558346,12.2567130441964,10.2306898497045,8.53926181793213,2.8937414355576,0.770301461219788,8.13305377960205e-05
91.3664896786213,1,0,0.00105786323547363,160.969084668159,118.001790493727,28.3670328967273,181.9729140707,100.338199958205,15.2061420765147,256.198012387753,87.7955515384674,11.7140834726393,9.8126170784235,3.01924705505371,2.61799138728529,2.78487619757652,0.0011918842792511
122.382791866083,0.00482234358787537,0,0.00576809048652649,159.950815676153,79.1505530197173,27.2735470685363,188.770587443002,105.494105294347,16.1118562185764,203.071725498885,87.9244159162045,9.11814815720543,10.7263780385256,4.34860229492188,2.87963052839041,0.516841560602188,0
84.7870217859745,4.76837158203125e-07,0,0.00186797976493835,139.008115428686,108.24436224997,24.1242844748497,270.169620673358,93.6431403458118,22.9207862973213,204.388917924277,89.8732248693705,9.26296706913039,10.4603969305754,2.30494439601898,2.80432190448046,1.34332269430161,0.999965488910675
93.5306954234838,0,0,0.000507652759552002,174.476703459863,117.316130250692,30.116243592035,244.058651129901,75.2835876122117,20.7605290046334,208.544434680115,105.357767457142,9.39491445402033,14.960629940033,5.74765652418137,4.02727511823177,0.532704949378967,0
135.462992422283,1.19209289550781e-07,3.57627868652344e-07,0.0281230509281158,150.542864021659,103.249643370509,25.7701901552081,128.967233219743,87.0640839170665,11.1250722368062,243.446995601058,115.639833986759,10.9649239023775,11.3176137208939,5.68619072437286,3.06214512884617,1.92702770233154,1.45137310028076e-05
26.0608422160149,0,0,0.000478774309158325,164.032801623642,103.371550217271,28.7075517567247,190.269807009771,63.6505492031574,16.1491264633648,200.120143230632,102.567178606987,8.96432758757845,12.6521578431129,3.31538319587708,3.41322019100189,1.30234578251839,5.96046447753906e-08
162.546883046627,5.96046447753906e-08,0,0.00476798415184021,72.747386944294,86.5653992258012,12.340061699152,274.350453022122,108.931807428598,23.448137049973,185.723608659208,114.130264431238,8.4162252427265,8.78228016197681,3.40147197246552,2.35422987788916,1.32217293977737,0
156.395615637302,2.08616256713867e-07,0,0.00224187970161438,129.98903118968,98.8196244835854,22.2187955439091,238.380575318634,82.9979209974408,20.3921700817347,228.526820674539,100.996723748744,10.3165402312949,11.930298358202,7.82298073172569,3.22042151838541,1.79949080944061,0
112.589425854385,1.64508819580078e-05,2.98023223876953e-08,0.0232061147689819,193.428005246818,79.14565930143,33.012081079334,164.473877397925,99.2988809943199,13.8767526013032,252.487852619588,61.3059436678886,11.3909768556058,11.6487844288349,4.47127401828766,3.13395620584488,3.0940203666687,0.0186818838119507
43.2680222392082,5.96046447753906e-08,0,0.00103962421417236,101.251302504539,98.2897616922855,17.6453405678272,199.849472736195,124.410456717014,17.0362642952427,277.961622598767,84.5813458561897,12.6349430899322,9.05120871961117,7.77899906039238,2.43859256654978,2.76639188826084,0.0683150589466095
171.679156988859,1.22189521789551e-06,0,0.00299271941184998,168.346574453264,82.5069948233249,28.5645708567649,240.74259506762,118.508757799864,20.511308477819,164.148610778153,89.9700588285923,7.38901782646775,8.05389776825905,5.1020285487175,2.16566562205553,1.7079231441021,0
92.235190987587,2.08616256713867e-07,2.08616256713867e-07,0.00137704610824585,293.811070895195,115.076921135187,50.2773284089565,159.631416616961,92.0427523553371,13.4200698866695,271.129699957371,91.0367918461561,12.1537832862139,10.4939304664731,3.33774328231812,2.84147522337735,3.26950630545616,0.999740839004517
63.7006794512272,5.96046447753906e-08,1,32.7751716971397,229.378490376472,159.83914732933,36.9351702198386,256.151623408496,100.105269923806,22.6130840370059,230.363512463123,72.1998894512653,10.1192754589394,12.9028165340424,7.69756868481636,3.59127708077431,2.26884734630585,0.211177587509155
117.056085925549,0,0,0.00183758139610291,239.134152084589,111.455418393016,41.0517502677441,151.133221202344,85.0911963236285,12.8811211243272,132.311712098122,86.4181906431913,5.8403592556715,13.5500302910805,2.35972344875336,3.65775879621506,3.62838962674141,0.0449027717113495
145.380352571607,1.72853469848633e-06,0,0.01326584815979,79.6334707140923,95.2513192221522,13.5778059411049,180.030409694463,103.437202200294,15.5637575443811,217.957983004302,115.754098206758,9.89420453708619,6.88668996095657,7.43836432695389,1.85932188034058,1.88285708427429,0
48.969330072403,0.953783720731735,0,0.0013466477394104,124.869491332769,91.8506844341755,21.9517680537701,205.890304927528,129.361499845982,17.3614830944687,170.950419381261,114.524682402611,7.78273840427399,8.79614599049091,4.80306506156921,2.3265807017684,0.95382034778595,0
141.128301650286,1.69873237609863e-06,0,0.00703266263008118,189.561238820851,99.9413066357374,32.1640976335108,146.749521461129,124.858576804399,12.6449616868794,196.530505406111,103.906071268837,8.829639178738,8.74386608600616,8.9339741319418,2.355588953197,0.325433224439621,0
122.69118442107,0,0,0.00115665793418884,135.836839678884,129.47834327817,23.3399332138896,260.790738521516,107.190880179405,22.1314915445447,273.154528999329,101.180457212031,12.3025611500442,10.2587840892375,1.73268020153046,2.78235052395612,1.32391905784607,0
54.0109486579895,0,0,0.000873953104019165,179.104590228573,76.0194083489478,31.0102376139164,231.033580885828,99.6837851405144,19.698954962939,177.030394126475,107.828347299248,7.96889540039003,11.0957289487123,6.29267692565918,2.96610165461898,2.66829988360405,0
97.7339398413897,0.000307023525238037,7.45058059692383e-07,0.132895588874817,59.2756129980087,128.059884756804,9.89389515638351,249.011325281858,129.944591224194,21.1754969064891,291.853831517696,81.1901651024818,13.2720457860827,3.33705246448517,3.63842248916626,0.90278617143631,1.11636087298393,0.00367271900177002
65.11737164855,2.59280204772949e-06,0,0.000700682401657104,109.122810661793,99.7979587689042,18.8437640458345,184.063306047628,98.123677521944,15.8101855059527,241.093892793357,57.5966910719872,10.9384471260756,5.35883992910385,5.9780615568161,1.44779387712479,1.34823247790337,0
19.3427565693855,0,0,4.10377979278564e-05,86.274173283577,112.873682677746,15.1927629053593,282.292308357358,116.727945357561,24.006550322175,98.4764196872711,118.257739603519,4.51601287305355,13.0298811197281,5.48037618398666,3.48317378461361,0.0622055232524872,0
96.9999761432409,1.19209289550781e-07,0,0.00119313597679138,267.084875273705,95.0308839976788,45.8991415286064,176.739224973973,78.5450273379683,14.9896161296777,167.153319212794,121.982345640659,7.4292484112829,14.3708345293999,6.84444189071655,3.87075060009956,1.74141320586205,0.99990302324295
174.553318947554,4.46736812591553e-05,0,0.008576899766922,115.971607905626,70.6420058012009,19.4549053198099,216.02077601552,130.892533957958,18.5939044481516,158.827872130275,115.270821347833,7.14708860769868,5.82171857357025,4.66262400150299,1.56052269637585,0.614288359880447,0
93.4990141987801,0,0,0.00154423713684082,123.474056297541,93.8437969610095,21.324777610302,244.685005050898,98.7208547443151,20.8750900086761,155.841227686405,144.858067452908,7.07464356467128,3.88087630271912,8.87983411550522,1.03712702393532,1.274558365345,0
108.875864699483,0,0,0.00180414319038391,161.611145524681,92.4930667877197,27.6385796409845,255.545170083642,112.275805324316,21.708198390007,191.047787803411,110.607562176883,8.63600709158927,9.0968719124794,6.72980427742004,2.43219531700015,0.644478499889374,0
153.629055529833,5.18560409545898e-06,1,39.8459736406803,175.279815637856,109.01269108057,28.7162867295742,161.119944084436,106.445486843586,13.7319951112568,166.106765660644,80.9584098160267,7.42875654943287,9.10652086138725,3.68297696113586,2.49022903963923,1.59585830569267,0.000132381916046143
51.3103473782539,0,0,0.000680923461914062,148.382644858956,82.4003010353772,25.8178958532214,240.471514479816,64.9915567785501,20.4624190935493,283.660907256603,109.290319547057,12.7834200529754,9.84390800818801,2.87698030471802,2.6600188373588,2.46426773071289,0
147.164884865284,7.74860382080078e-07,0.999982953071594,33.2680842876434,144.743118193746,96.0220133140683,23.8995651313663,202.661614758521,123.110617399216,17.1704530900344,193.140328416973,99.3757068514824,8.67975369088352,14.7129335999489,4.97271835803986,3.9760937422514,2.33580762147903,1.19209289550781e-07
171.373137742281,0,0,0.13126927614212,174.485447880067,126.213963031769,29.5182925925218,112.63321736604,153.741037249565,9.5659741859138,232.046729583293,127.745597094297,10.4267874003202,8.67691695690155,5.54289400577545,2.3491815045476,0.903410106897354,0
190.551188886166,0.00640109181404114,1.75833702087402e-06,0.00572857260704041,265.276293194294,50.2389838546515,45.339086587429,283.294242674112,75.0757406651974,23.9219012716413,116.118719738722,83.3818222880363,5.11534641265869,7.89023518562317,2.25509166717529,2.12315661907196,4.92473161965609,1
26.9629755020142,0,0,9.42349433898926e-05,216.420952144265,121.844423040748,37.4876227319241,256.567454819381,90.5225767940283,21.7068516105413,214.461488930695,97.7344883084297,9.64116321055219,11.4130543172359,1.67443990707397,3.07295899093151,0.573164731264114,0
138.736938044429,0.00115799903869629,5.36441802978516e-07,0.0454911589622498,194.714855624735,64.7106852382421,33.1845507748425,163.531284469366,103.82036857307,14.0405324301124,279.509170034528,106.461406737566,12.5517022651434,12.2079345583916,5.52077382802963,3.2861235961318,3.61314576119184,0.995700269937515
135.296858467162,2.11596488952637e-06,1,27.9875809773803,191.464869393408,138.677995204926,30.8273907293379,183.564821382938,83.7782914564013,16.1146907771193,214.458371154033,77.0731724202633,9.52072387652937,7.63852939009666,5.44627994298935,2.14398249685764,1.93394887447357,0.00126147270202637
62.8974465429783,0,0,0.00493821501731873,134.503324949741,88.0558513104916,23.1725651308894,198.079413074255,138.895877301693,16.8611658075452,158.509518185258,92.8473119139671,7.1932578073442,11.3771836459637,9.51574500650167,3.03000963628292,1.14984986186028,0
48.916760623455,0,0,0.0005684494972229,218.769064974785,130.895193815231,37.8519101250172,188.563381698914,82.5417518336326,16.0091010676697,186.056692748517,103.801120922901,8.34826099134982,9.28640432655811,4.93333518505096,2.49307971820235,0.670562446117401,0
192.834119439125,7.12275505065918e-06,1,26.0234106564894,185.44179123193,121.24791495502,29.7856599186896,152.720830280334,83.3554080314934,13.4322153133899,242.926497261226,107.40205681324,10.764473246336,6.51503384113312,7.12902724742889,1.84567705392838,1.01652047038078,8.94069671630859e-08
138.941869825125,0.0412911772727966,0.999990910291672,39.9688073694706,91.9022484540939,131.735805720091,14.6389057946205,184.046001586411,152.004044055939,15.7481385088991,257.324229219556,75.4193638861179,11.6601870809495,6.97720289230347,8.75281177461147,1.913702917099,0.784335851669312,5.91278076171875e-05
161.645618826151,1.21891498565674e-05,1,28.7037103101611,251.834686154127,116.653409600258,40.966342138052,238.041647355258,90.2552196569741,20.7135962274671,245.771219846606,108.580097518861,10.8052885559201,11.1980424076319,8.46766144037247,3.11019761413336,0.582245081663132,8.94069671630859e-08
36.4254330396652,0,0,0.000170230865478516,217.97342916131,139.122782349586,37.7393662691116,223.48813328594,92.9256090149283,18.9693235998601,189.747659699619,107.100759018213,8.53323962558061,11.4929461479187,2.46802508831024,3.09408685863018,0.502413690090179,2.68220901489258e-07
21.444827735424,0,0,6.38365745544434e-05,122.07655646801,117.52946600318,21.5283035552502,280.99909478128,100.230034962296,23.8712736022472,149.09766651988,124.087100148201,6.75104608297348,14.9559542536736,3.27021479606628,4.00940508842468,0.216429859399796,0
73.6076045036316,0,0,3.03983688354492e-06,287.600598275661,96.0888798907399,49.5083317530155,202.869947769493,91.8472357466817,17.1570595663041,203.413156323694,110.8787638098,8.98361412517727,12.9741954803467,3.46108138561249,3.52125444710255,0.628089666366577,0.999958336353302
49.1391187906265,0,0,0.000627726316452026,220.146930962801,68.4921578317881,38.0024016952515,227.257453607023,81.4938116073608,19.3196564507484,201.369152124226,123.387983232737,9.1001283259131,13.9004462957382,11.5032450854778,3.72407273948193,2.97577987611294,8.94069671630859e-07
48.7132766842842,0,0,4.55975532531738e-05,150.253060993552,143.661954849958,26.227464556396,309.417102715373,90.5908065661788,26.2466858235002,123.739169788361,62.4952894449234,5.64897937476635,12.9469865560532,4.37800168991089,3.44407522380352,0.39122861623764,0
162.048382014036,0,0,0.0590989887714386,168.798815371841,93.3857267349958,28.6085633220524,175.792418004759,121.437597572803,14.8939753850549,248.644951190054,87.86751973629,11.2029619778693,14.6049109101295,4.7207510471344,3.93519289791584,0.929364502429962,0
84.8472685813904,0,0,0.00234067440032959,224.167503654957,108.81682433188,38.5812056511641,143.388328657299,101.526374667883,12.1099583803862,215.053935403377,118.955023035407,9.61334266418591,6.92835092544556,7.7985206246376,1.87752874195576,1.94968271255493,0
120.88955626078,1.19209289550781e-07,0,0.000551730394363403,185.960975264758,91.5420792996883,31.9266253696382,221.71060141623,91.1816590279341,18.8768962530792,152.023478999734,75.290880382061,6.76302103683352,8.35472792387009,3.12421977519989,2.255526933074,3.29269869625568,0
89.8952374756336,0,0,0.00038301944732666,219.563331228495,100.077200978994,37.7529252451658,252.360939212143,118.129099905491,21.3358249220252,164.836383168399,89.5205432474613,7.35365712270141,13.8341730833054,4.942387342453,3.70988202989101,2.03006985783577,0
57.0762256979942,5.36441802978516e-07,0,0.00130712985992432,130.705885952711,127.668446302414,22.9692498090863,177.411559731793,70.3669522702694,14.9208220219798,246.367276139557,110.953252121806,11.1851527397335,8.1644469499588,8.37612465023994,2.19328844547272,0.683081656694412,0
219.504564762115,4.50611114501953e-05,0.999996960163116,33.3550958186388,185.861891274899,124.644526094198,30.2100532357022,177.229153181706,112.714656442404,15.1469636932388,280.690911269188,125.287933498621,12.5231281580031,11.6057497262955,5.99218368530273,3.19755131453276,0.789376527070999,8.94069671630859e-08
199.397814333439,0.338314652442932,1,31.5665887892246,243.56118606925,104.6910341084,39.3635666567087,185.962793595251,117.558829039335,16.0079053633288,244.576453480124,79.3900481760502,10.735502134636,4.30388033390045,9.13004212081432,1.23240562677383,0.316342145204544,8.94069671630859e-08
125.486786665395,2.08616256713867e-07,5.96046447753906e-08,0.0435715019702911,144.841331833601,84.5702172489837,24.6065554887056,164.553407973424,120.587446391582,14.0597254192829,208.91275654505,91.7399597764015,9.40089292024786,9.50107403099537,2.20234274864197,2.54965294785798,0.716053247451782,0
148.172440126538,1.19209289550781e-07,0,0.00597327947616577,226.67276301384,83.7087848363444,38.6929630029202,188.234839630127,113.457387387753,15.9216262386832,212.30010618791,84.2132949233055,9.48185975554399,12.9783946275711,3.42963099479675,3.4971148878336,3.11932767927647,5.96046447753906e-08
165.618081271648,0,0,0.00527411699295044,198.668802109361,113.894319981337,33.6519304212928,241.731847631931,112.276096642017,20.4422160197794,242.536275170743,118.922336667776,10.8811708980799,12.2251898050308,3.90838742256165,3.29550073295832,0.125482857227325,0
128.566101502627,2.47359275817871e-06,0,0.000130712985992432,199.594676783681,85.2928689680994,34.2667820397019,255.865514402091,89.1127460449934,21.7957547155023,103.69259993434,83.9108367860317,4.64622039675713,6.41514539718628,6.55490159988403,1.71337095201015,2.80758820474148,0
192.768618583679,4.76837158203125e-07,0.999954879283905,37.1230344325304,126.129878365994,120.149133056402,20.2859069412947,284.64110981822,129.21928614378,24.1003550779819,212.223576613143,114.66016446054,9.54471690474078,10.8109527081251,5.82427710294724,2.94968975409865,0.928697973489761,0
49.4466453790665,0,0,0.000490933656692505,171.643435435742,72.1877335757017,29.7436447566329,241.380308370292,82.4333395343274,20.4302202863991,222.443930371851,110.960010513663,10.0219790523127,10.9029797464609,4.6314936876297,2.94168211296201,1.75638529658318,0
92.0736836344004,5.36441802978516e-07,6.85453414916992e-07,0.000492453575134277,271.092729878426,90.3914097882807,46.6426590049267,168.180192713439,85.6237329286523,14.2423126041889,277.991501176357,116.169010356069,12.3686870272458,14.6084025502205,4.715416431427,3.96364456415176,2.12080416083336,1
56.5774253606796,0,2.98023223876953e-08,5.16772270202637e-05,240.934976810217,136.92829683423,41.7491626042128,146.560617545247,118.155148774385,12.5464655417949,233.315473546088,116.452005848289,10.4613754098117,12.0305164158344,6.21533215045929,3.2648034542799,1.11802759766579,0.999995440244675
156.918089896441,0,0,0.00111410021781921,185.901905812323,140.619948506355,31.7627405668795,254.410608482361,83.2865254860371,21.5651113624871,233.714654223621,89.7919305562973,10.5596703732759,12.3616689443588,4.28428947925568,3.33069977760315,0.18029111623764,0
94.0479011982679,0,0,0.00129649043083191,169.885613318533,112.235684171319,29.2390428223461,226.917295405269,111.334271579981,19.1863637433201,163.402912285924,131.180823773146,7.36789469093084,6.9560894370079,9.74587829783559,1.86129563748837,0.421279817819595,0
92.3577508628368,0,0,0.000419497489929199,202.914962726831,116.691863536835,34.9494920808077,181.106742355344,64.6770020574331,15.4420790214406,243.831962762773,101.843325136229,10.919983734116,12.4729542434216,3.54619204998016,3.38252657353878,0.623860090970993,2.98023223876953e-08
50.8011182546616,5.75780868530273e-05,1,26.0670639965683,240.901579415798,104.713179543614,39.106110522151,285.039847961068,111.527427881956,24.418218061626,246.45492015183,60.6196770071983,10.9044047018141,11.9204291701317,6.86363220214844,3.26733894646168,0.772853583097458,0.000726073980331421
90.6790191829205,0,0,0.00162175297737122,168.417109394819,92.9204168915749,29.0329989532381,267.853076387942,75.5136412009597,22.7797604319453,199.647502970323,108.952584572136,8.95072257786989,12.2180919349194,1.86570107936859,3.28495405912399,1.99838063120842,0
111.028787918389,6.19888305664062e-06,0,0.00336509943008423,65.9823471665382,74.9562362954021,11.3767300879955,180.630822335486,108.736594170332,15.6809958210075,107.500636559725,92.8807769566774,4.86548557877541,10.6434337794781,5.21604537963867,2.82541180215776,0.850926250219345,0
126.07001324743,3.39746475219727e-06,1,17.6775003522635,246.11858279109,150.291423350573,39.9104403215647,225.117814348638,80.3586627356708,19.8371117827296,170.302240400016,84.1848605871201,7.38573621295393,6.41327530145645,7.00769335031509,1.83102720379829,0.648884296417236,2.08616256713867e-07
79.364204376936,0,8.94069671630859e-08,0.0374082326889038,156.127667376399,89.3455444648862,26.6252121466398,203.312200852856,131.837842166424,17.1864204180241,220.51455848217,98.4357926025987,9.990698396191,10.4098616912961,6.56381517648697,2.78421121593565,1.25028866529465,0
26.0934051275253,0,0,0.0016171932220459,104.529469257593,74.60862217471,18.195192283988,223.515932879597,123.707598298788,19.0847012386471,130.315249145031,123.122211694717,5.92457458019257,7.55797415971756,10.1914015226066,1.98563944101334,0.450867265462875,0
27.2530053853989,0,0,0.000124633312225342,194.845089258254,122.808625996113,33.8174131160974,204.241448133811,79.0969090908766,17.314793741703,185.353115405142,89.826861962676,8.30121352039277,15.0960129499435,2.97056019306183,4.07454172968864,0.354855716228485,5.00679016113281e-06
86.8483586609364,0,0,0.000177830457687378,148.175512012839,130.620597302914,25.8287305033207,219.893119316548,106.058411747217,18.8505520676076,95.2789631247521,126.053436696529,4.25614976793528,9.21064861118793,4.70668733119965,2.46591434553266,1.17697316408157,0
45.3036982417107,0,0,2.43186950683594e-05,241.509778952599,90.0272056460381,41.8347644716501,175.242330733873,83.2958883419633,14.8458483429067,257.653796634078,109.24846047163,11.4964963048697,13.9155006408691,5.69401830434799,3.77786395847797,0.67360246181488,0.99992373585701
140.120975375175,2.68220901489258e-07,1,39.4991525709629,161.233559988439,117.562909126282,26.4040016336739,226.592975845188,89.2452563345432,19.2480793135613,165.187881669402,93.5051262527704,7.40517784409225,10.0075464113615,2.09877967834473,2.72250669999048,1.48905032873154,0.000105708837509155
158.131792187691,4.85777854919434e-06,0,0.0266016125679016,166.88097300306,96.67495328933,28.1847153472155,197.119686231017,136.366155445576,16.688563744165,94.6209695875645,86.4932841211557,4.20868023812771,8.48836183547974,4.10441040992737,2.26611347794533,0.994147896766663,0
124.352894609794,4.69982624053955e-05,1,27.6184592843056,196.836123357713,90.2301761694252,31.7218270209432,241.96692071408,110.461582541466,20.7423083312809,277.246398261189,102.268684068695,12.3598452308774,8.13043117523193,8.95706981420517,2.25859889388084,1.38442003726959,5.36441802978516e-07
121.514717001002,0.58379290997982,1,17.1832023561001,271.39030071497,140.352811664343,44.4210353976488,252.167737591267,98.1847554445267,21.936880069375,181.420799852908,71.8440391719341,7.90688278958201,8.01751106977463,8.32458510994911,2.25183823853731,0.442773699760437,0.000158429145812988
63.8711208701134,2.98023223876953e-08,0,0.00121897459030151,75.9741952061653,89.7679587453604,13.2362285220623,212.434693468362,83.0911265127361,18.2659288733453,256.507645976543,64.5244532227516,11.5910190394521,11.9796162843704,2.65685677528381,3.22470228374004,2.44570724666119,0
157.242788642645,4.4703483581543e-07,0.99999925494194,36.9006703644991,150.128689807653,109.263630062342,24.6513391238451,188.464745169133,127.558369934559,16.0275448992476,188.503704208136,112.951241388917,8.44347246963531,12.6796889305115,4.65247690677643,3.4388780683279,1.05729246139526,0
70.671071767807,0,0,0.00109586119651794,203.616564148664,97.6630116999149,35.0682590952516,215.151165488362,102.997630387545,18.2212030366063,239.575240540504,101.047074720263,10.7493248736113,11.0230585187674,5.19323766231537,2.97042957320809,2.55859673023224,0
143.30184353888,9.84668731689453e-05,1,20.7551668658853,255.858996385336,154.63975712657,41.4650621974468,196.881465743855,107.753690779209,17.608249111101,202.347915156186,73.6656056344509,8.81432240627706,8.51295724511147,9.21052098274231,2.41775353252888,0.616373240947723,0.00022512674331665
140.153812348843,0.000354737043380737,0,0.0329928696155548,73.3386813044548,69.0020130202174,12.3618029844761,203.858373852074,102.04495690763,17.4446096485853,158.603924074769,50.8000764250755,7.16653347969055,8.75763490796089,2.15901255607605,2.35084735751152,2.52271521091461,3.26335430145264e-05
128.885515987873,5.30481338500977e-06,0,0.000480294227600098,126.988806658983,90.1643791235983,21.8276488119364,265.373240990937,70.1819984614849,22.567108836621,184.249217477441,81.7200429141521,8.34332978338003,6.02703720331192,5.88630110025406,1.62627667486668,2.88540378212929,0
165.407796263695,7.53104686737061e-05,1,28.4848768226802,233.419162142277,93.8880300521851,39.1219188112021,236.074355280399,73.973300755024,19.9061494299769,168.586011689901,97.7656088620424,7.48500355713069,8.81327502429485,2.62512803077698,2.40265427827835,6.15420332551003,0.999992847442627
134.782911688089,0,1.78813934326172e-07,0.283057451248169,142.57903342247,99.1148076206446,24.2391909536719,165.078051801026,142.863431870937,14.0000803382322,173.735334949195,120.047864943743,7.78359548538923,12.1527571976185,2.40351498126984,3.26075270175934,3.1050777733326,5.96046447753906e-08
20.8713382482529,0.0291969478130341,0,0.000559329986572266,95.6891909778118,107.875111028552,17.1141365540028,282.32935641706,72.2830995172262,23.7341904291511,265.137590834498,73.1156007647514,12.1921036371589,8.39952617883682,3.08757305145264,2.21251839548349,1.15614178776741,0
62.6736820042133,2.08616256713867e-07,1,37.6728672087193,150.070914772153,85.0848396867514,24.4953633534908,175.380497478321,120.595684349537,15.0819583815522,152.854688507318,79.5344246923923,6.84436720877886,11.7022606730461,4.67461287975311,3.16415362805128,0.804536104202271,8.94069671630859e-07
100.94217094779,4.08291816711426e-06,1,26.4170817397535,155.482075460255,101.765550076962,25.0291339480877,215.752345588803,118.439236730337,18.4812254348397,260.019179409742,79.1374802589417,11.6352260269225,9.44073177874088,5.24137198925018,2.59572401158512,1.57553574442863,4.56273555755615e-05
69.9528594315052,0.999986201524734,1,38.6037184596062,240.115467792749,72.2426951676607,39.9663478803635,234.119311393797,121.765568107367,19.6487261687219,190.354275712371,99.9249618761241,8.48513457685709,11.0140706598759,4.9206006526947,2.97440551221371,1.50342857837677,1.78217887878418e-05
113.379163004458,9.83476638793945e-07,0,0.002064049243927,172.530238778517,81.2153487000614,29.7991816663253,231.600953818858,129.086202085018,19.5320003686845,270.32610860467,84.4113407731056,12.11856891945,11.571691185236,2.08590269088745,3.13624543100596,5.17483902722597,0.99999988079071
60.6576411128044,5.96046447753906e-08,0,0.000896751880645752,180.962617924064,109.820447489619,31.4265083766729,125.579070013762,101.177346929908,10.7652937361598,139.754353308678,79.6210480630398,6.19353476122022,12.2524397075176,2.35136568546295,3.30747536122799,4.30502375587821,0.108236014842987
77.5506918132305,1.96695327758789e-06,0,0.000235587358474731,118.434029316902,88.8324198313057,20.6742986869812,184.45207627886,100.387503579259,15.9474752558582,88.2972708582878,96.7228132262826,3.96793667316437,10.253259409219,9.92741787806153,2.72405070187524,1.33283659815788,0
148.745659157634,1.9073486328125e-06,0,0.00753727555274963,186.790603734553,106.609912589192,31.7891753268242,133.609816846251,148.068595230579,11.3798042421043,148.256623065472,95.5810851231217,6.6212845505774,5.64356654882431,6.09294980764389,1.52310628294945,2.17117255926132,0
117.335507620126,1.49011611938477e-07,0,0.00189077854156494,166.281731145084,104.890296310186,28.6584881170839,209.010904835165,95.9075123071671,17.7452000934631,240.288354042172,113.661567628384,10.7973981993645,7.6969039440155,6.64214760065079,2.08946873098612,3.7000869512558,0
157.049719065428,0,5.96046447753906e-08,0.0343653559684753,144.607309615612,70.5873122066259,24.309083622694,194.578296913579,104.824639484286,16.6198706218973,178.142375281453,90.957258015871,7.9634116268903,8.02198350429535,2.30649769306183,2.16219941675663,0.33455702662468,0
71.6793067753315,0,0,0.010707825422287,182.054367456585,80.5674576479942,31.3112627457082,197.222481589764,119.616223573685,16.7723618456349,118.149510091543,93.2822601348162,5.29775885179639,12.6403039693832,4.35712575912476,3.37183928489685,2.0356949865818,0
193.980059862137,2.24113464355469e-05,0.000317960977554321,1.49450388550758,254.752036637068,94.3913856893778,42.822932728529,154.103203621507,119.298697412014,12.8568143803626,114.300375878811,90.7282153964043,5.00681970059872,7.87850230932236,4.15098905563354,2.14043976813555,2.09862685203552,4.76837158203125e-07
121.109133012593,1.78813934326172e-07,0,0.000147432088851929,175.903869515564,84.9915186641738,30.3356851649657,257.138952031732,86.7072933539748,21.8817095525563,165.630301241577,85.172457575798,7.43327292814851,11.271810978651,6.57045960426331,3.02733793482184,3.69913349300623,0
177.149491727352,0.000127822160720825,0,0.0298739969730377,220.030419063568,86.2867222074419,36.756802187562,236.98255302012,138.575351834297,20.1019022592902,211.457124857325,80.2605857551098,9.44451507290825,10.1425248757005,5.89602887630463,2.73465837165713,0.271336555480957,0
61.0656763911247,0,0,0.012618362903595,142.710796049237,71.7377733439207,24.553210067153,185.246458169539,138.941854834557,15.7909058961552,167.426021483541,81.1995578706264,7.58150458350778,9.88281111232936,3.90942394733429,2.62999529521912,2.89509031176567,0
93.4964196234941,0,0,0.00498837232589722,157.982073514163,109.884400516748,27.1918030706048,184.839982938301,119.053319245577,15.7065556277707,222.984045358002,95.6434521302581,10.056485167928,14.5955228805542,6.76403939723969,3.9230508595705,0.896483838558197,0
40.1347777843475,0,0,0.000224947929382324,178.267029942945,102.197774536908,30.9466616396606,156.650420312583,99.7708359360695,13.3521174009889,170.738374556601,134.365061044693,7.59652394533157,5.161112844944,1.77136540412903,1.41415278017521,0.811603993177414,0
152.319099724293,5.85317611694336e-05,0,0.0236620903015137,181.994393023103,88.9378386922181,30.3308456649631,238.161451978981,147.329904735088,20.2931946876645,206.808474493306,104.50375589449,9.29302288516424,7.62953534722328,7.7713443338871,2.04726598262787,0.284966468811035,0
161.038989454508,1.01327896118164e-05,1,29.1495445668697,193.403355784714,111.642866581678,31.4105495631695,192.17499236986,77.894925288856,16.5454008336365,203.456158718839,85.6240446865559,9.0462238009274,7.15456366539001,3.5590273141861,1.98866054713726,1.9053903222084,0.0020386278629303
95.8937314599752,1.49011611938477e-07,1,33.8550729900599,146.30391972959,113.487920388579,23.7697919467092,186.917901286297,129.075137078762,16.0058691884577,229.959942521155,84.6643170714378,10.3003685590625,11.8952219188213,3.69245827198029,3.23791806399822,1.31888562440872,1.84178352355957e-05
29.4259793162346,0,0,5.77569007873535e-05,145.93381972611,118.760591894388,25.6040551507473,125.18931748867,80.1536950841546,10.6454515510798,235.198045544326,106.678470879793,10.5246070801467,12.2635574638844,2.26921081542969,3.3441405415535,0.340828835964203,2.65240669250488e-05
40.3344176411629,1,0,0.00184518098831177,147.351353287697,87.0443508122116,25.9219170257449,232.087504968047,103.75087030232,19.491465254575,275.641005057096,70.1371643543243,12.6478284743428,11.4055745303631,1.70701563358307,3.01617609634995,1.54683101177216,0.646466463804245
143.565938487649,2.41398811340332e-06,1.66893005371094e-06,0.0124405324459076,279.609959328175,75.2794140949845,47.8064167571068,154.57143939361,61.8178695440292,13.1066260807216,195.223816259205,121.176521673799,8.67662682812661,14.2935067415237,6.50716692209244,3.84880704581738,2.84601648151875,0.995482295751572
180.719717472792,0.995559722185135,0,0.00373443961143494,185.551816671342,96.9192120060325,31.1104053604603,231.868701381981,127.9123082757,19.8347641305625,211.00353077054,118.639259710908,9.45680227054283,5.79269617795944,7.7277983725071,1.56742243766785,0.301912397146225,0
176.404890090227,4.17232513427734e-07,0,0.00546106696128845,163.987148760259,84.4946747180074,27.9080535145104,204.116851270944,105.171636864543,17.4851604229212,148.037744340301,114.198615387082,6.62669328585267,10.8715482056141,5.52097052335739,2.91985352486372,1.16860735416412,0
147.779905587435,2.38418579101562e-07,0,0.0164956748485565,200.835714864731,103.644295334816,34.2464031395316,138.030117534101,124.909896850586,11.8164021407068,148.072753190994,97.6007228270173,6.61236995965242,8.13680171966553,3.9150458574295,2.19208342283964,1.92981317639351,0
80.9495169222355,0,0,0.0202848315238953,95.8995961308479,120.6020437181,16.5195358622074,237.047462998331,131.94129794836,20.1655896362662,201.46331839785,125.241257429123,9.12796065153554,10.3965291753411,2.66579747200012,2.77531504109502,1.25653606653214,0
56.2865372300148,0,0,0.000299423933029175,185.068509746343,102.717951312661,32.121183167696,254.663501052558,79.1040717065334,21.6543281325698,181.859224903584,123.487272769213,8.15442666247487,12.6453894376755,4.03050661087036,3.39538242816925,1.38767865300179,0
37.6968867182732,0,0,0,264.465336084366,104.99585531652,45.7949692761898,132.430153730512,131.496007442474,11.3580314609408,108.891893494129,113.103523150086,4.73764886409044,12.1637938916683,2.8599601984024,3.32391445934773,0.086130827665329,1
48.9930220246315,0,0,0.00226011872291565,105.272946798801,65.7029099017382,18.1166973924637,258.961455346644,113.955287337303,22.0274979691207,211.623881240468,77.5893578231335,9.52627559888642,9.68153990805149,1.27574503421783,2.58197871297598,0.773412019014359,0
56.4356126189232,0,0,0.000525891780853271,138.84656226337,108.78187648952,24.1085774981976,153.061950452626,101.486882120371,13.0870001323521,291.90371594429,90.9388924986124,13.1095002777874,8.02157461643219,2.3327511548996,2.19654652476311,2.73612342774868,0
70.3083685338497,0,0,0.00191965699195862,160.218791998923,126.039971262217,27.7180205592513,195.773603567108,99.3231464922428,16.7661380571499,156.748981311917,109.786985173821,7.07712979793549,6.6623792052269,4.1884583234787,1.78414554297924,1.10288760066032,0
169.076197564602,0.00383445620536804,1,33.2070838809013,225.395235574245,107.331880331039,36.1932266405225,183.301562225306,140.436410903931,15.8729371844046,282.503581911325,76.5068767368793,12.5155114042759,9.33845698833466,10.6091434508562,2.60651348233223,0.358862936496735,1.78813934326172e-06
49.1632146239281,0,0,0.00129953026771545,140.11488699317,107.472217530012,24.3775854679942,236.498234726489,83.961910745129,20.1350959514081,231.441988945752,121.733259543777,10.4030595533922,11.8141549825668,1.49375140666962,3.17108056694269,0.951198220252991,0
86.7594831883907,2.74181365966797e-06,1,25.4740246057045,117.702109396458,88.8308044709265,18.7943324822187,186.962410375942,98.9628320932388,16.2678394424915,258.103936547041,91.0463940948248,11.5793534624577,8.21815699338913,5.861456990242,2.26483084559441,0.858156144618988,1.46031379699707e-06
74.2009743154049,0,0,0.00248202681541443,173.837059833854,84.7516339598224,30.0701421180926,212.888093215972,83.8534165918827,18.1333592998981,187.027078919858,135.365711420774,8.39462563939393,11.904262304306,8.02922368049622,3.20588029772043,3.0254452675581,0
106.000822857022,5.96046447753906e-08,0,0.00172054767608643,182.505339441448,101.504827961326,31.3849678491801,210.506750053167,105.294261351228,17.8816826508194,212.461392264999,102.665762469172,9.53350407342892,6.97011351585388,5.44760048389435,1.88802057802677,3.25922499597073,0
48.2162938117981,0,0,0.0078594982624054,125.166445344687,99.2902709171176,21.6073921018839,204.354987755045,134.546194970608,17.4222915230691,166.898777887225,105.48741950281,7.60364995904267,9.36985366046429,7.61607602238655,2.48799527585506,0.886868387460709,0
175.128770142794,9.83476638793945e-07,0,0.0514021217823029,162.653994716704,82.2831497783773,27.5913325148821,156.540316687524,114.201587587595,13.4096390244365,145.338733145595,87.8941893577576,6.48586224421859,11.9573161005974,2.27538704872131,3.21352467387915,1.59993177652359,2.98023223876953e-07
112.29356764257,8.94069671630859e-08,1,32.3568536639214,210.576818466187,102.9868067801,34.3191587725282,216.859692908078,85.9442078508437,18.7811848647147,196.220572643727,123.599148064852,8.66984559137374,9.68532346189022,5.25346368551254,2.66714648427442,1.42426934838295,8.94069671630859e-08
93.6451993137598,0,0,0.00028422474861145,136.380322289467,116.829461753368,23.7124531280994,179.448324370477,91.121618449688,15.2953351835348,181.417833048105,117.706299051642,8.12914700761437,7.07383155822754,2.85643517971039,1.93682176172733,1.61234986782074,0
57.9421972036362,0,0,0.000600367784500122,181.674274763465,101.415442228317,31.4338857411593,201.225895408913,62.67298579216,17.1798572862521,169.521372389793,123.139753043652,7.59580858923495,6.54971778392792,4.37576591968536,1.7629146784544,0.482751488685608,0
165.911468416452,7.62045383453369e-05,0,0.00931558012962341,188.483808244765,102.021320387721,31.4421240388602,221.062637030333,141.207647919655,18.7800748310238,199.353233884647,89.5406734794378,8.99815402764827,3.38233470916748,11.2709051370621,0.916224682331085,0.226064890623093,0
21.5271689891815,0,0,6.38365745544434e-05,196.386956107616,108.824571669102,34.249947296083,140.543066395819,74.7820265591145,11.9148531474918,146.755835354328,118.386418834329,6.52958958536387,12.4138271808624,3.16112995147705,3.35766016244888,0.141416519880295,0
57.4708607792854,0,0,0.000221908092498779,83.0007477164269,97.6514841243625,14.4869460833073,268.555650892854,77.1114636957645,22.8181385801733,220.61028156653,103.605280073825,10.042794618383,7.02103197574615,3.80229949951172,1.89838905930519,0.934032887220383,0
87.8979914784431,0,0,0.000752359628677368,173.769457913004,92.8846834972501,30.0229081559367,250.761889459193,82.4925812054425,21.2415448322892,300.303346997499,105.419633906335,13.5467298130691,9.32792507112026,4.5261937379837,2.52369669154286,3.25835059583187,0
93.1838661581278,0,6.61611557006836e-06,0.0384052991867065,157.763119067252,115.096376761794,27.046020527333,192.42754486315,93.4962199628353,16.3786781489104,215.240097557008,136.821033984423,9.69524850660935,8.01621630787849,2.17241168022156,2.15765963047743,1.29812398552895,1.99675559997559e-06
60.9608043432236,0,0,0.000641405582427979,216.903144341707,102.170751057565,37.4470435613394,205.405994763225,88.8716293498874,17.3782806447521,212.042087315582,124.341779798269,9.4907993072737,10.7093549519777,4.75127041339874,2.8866655535996,1.05813521146774,0
52.2934083342552,0,0,0.00111562013626099,188.959296394885,113.956569135189,32.6777930429578,200.414818756655,93.7884439155459,17.0937299564108,206.07845197022,110.065608553588,9.29040403399151,11.3590650260448,4.90560948848724,3.05807132273912,1.68477272987366,1.49011611938477e-07
103.278819486499,0,0,0.00111258029937744,236.518366116285,102.223620302975,40.6775164854526,154.903183740377,92.8938300535083,13.1893058577925,184.287287317216,136.137934923172,8.22167325176299,8.76640528440475,8.3609065413475,2.37205569148064,2.77923162281513,5.96046447753906e-08
135.782283850014,5.96046447753906e-08,0,0.0184168517589569,185.241993632913,93.3976304903626,31.0400180158764,241.703405821323,114.894602000713,20.4181490154564,226.570394350588,82.2798023819923,10.1574778303504,8.26416611671448,4.54654335975647,2.22676776498556,0.0759496986865997,0
91.6776872575283,8.94069671630859e-08,1,26.0720893694088,130.175730413198,133.942442089319,20.6137609738112,232.604335156083,70.6387668848038,20.2769048281014,225.938442766666,91.4618638008833,10.0920209401101,6.34743094444275,4.74490404129028,1.78183382749558,1.21475207805634,1.16229057312012e-06
152.730506688356,0.0115065574645996,1,24.1980796605349,200.722569364309,91.5146083384752,33.5107569256425,237.77328196317,61.5129739046097,20.129282322675,243.31000456661,85.5340294241905,10.9738838652521,9.66353476047516,3.04959535598755,2.63557090871036,4.52235438488424,0.999729037284851
116.279904935509,0,0,3.03983688354492e-06,224.930562764406,103.74882414937,38.8768858873844,246.359457035363,87.3046445753425,21.0317839305103,100.602025908232,110.878688164055,4.43494666099548,13.7512931227684,5.01537621021271,3.70747343301773,0.426965564489365,0.0184833109378815
154.295026570559,4.76837158203125e-07,0,0.0264997780323029,256.05206772089,96.2339058145881,43.6129339331388,190.104211233556,111.383071094751,15.9481207220256,208.701842494425,104.207374593476,9.3463612891268,11.5177391469479,4.19638872146606,3.09763630628586,3.21599073708057,0.000221163034439087
189.288937926292,3.76701354980469e-05,8.94069671630859e-08,0.0563813745975494,136.00623383522,100.308123752475,22.7919122305512,146.589427885413,117.355633676052,12.6147038266063,191.570741859823,110.00974073261,8.65230160463601,3.33522379398346,6.56915038824081,0.909730088710785,0.858331292867661,0
172.798408806324,2.250075340271e-05,1,35.4501156806946,150.944090145826,103.302411809564,24.4604607877135,153.038603021204,78.4734746441245,13.1957944883406,172.219909892976,109.643380455673,7.67485936433077,4.1541999578476,3.99013042449951,1.15837617516518,0.718193650245667,9.83476638793945e-07
40.8672593832016,0,0,0.000779718160629272,166.832492155582,105.507273003459,28.9745328675583,177.320583400503,91.7918739840388,14.9584305161424,240.192211283743,123.32183817029,10.7819020581245,12.0710225403309,3.63803386688232,3.27700515836477,0.737707525491714,0
83.5965282320976,1,0,0.00148192048072815,151.198274165392,69.3284510448575,26.2828971022367,275.216887691617,119.301737248898,23.2709821212292,196.505273714662,76.5344202518463,9.0627968092449,9.07642625272274,1.70181334018707,2.38876415044069,3.20297437906265,0.246008068323135
129.679631821811,3.27825546264648e-07,0,0.00661164522171021,248.675451552868,66.7518799379468,42.4276384091377,211.200463590026,83.6011796351522,17.9420878285915,218.311256463453,121.033697217703,9.79607329905033,12.7262181043625,7.50805899500847,3.41659486591816,2.3351716697216,2.41398811340332e-06
148.903607308865,3.27825546264648e-07,1.19209289550781e-07,0.0479777455329895,186.27015272826,84.3185859918594,31.6682503138483,148.981959713995,125.7199652493,12.698888367191,122.981152546406,86.7426463514566,5.46751401275396,10.9789792448282,2.96426951885223,2.94689839929342,1.92114078998566,5.96046447753906e-08
102.157640218735,0,1,32.549881786108,178.887486908957,93.2333689928055,28.9575357130542,240.272508518398,68.0982004106045,20.7309846058488,178.035578618944,115.125993072987,7.8975013910979,8.68297800421715,4.75253582000732,2.39327414408326,1.41593465209007,0
162.793996959925,5.72800636291504e-05,8.94069671630859e-08,0.041581928730011,250.809445214272,75.0465028546751,42.6845648753643,190.444618734717,105.092084333301,16.0255453416705,155.481936821342,80.7817013561726,6.94853497281671,7.8346411883831,2.34245300292969,2.0961238950491,3.94546398147941,0.945299685001373
126.207411695272,4.61935997009277e-06,2.98023223876953e-08,0.0688310265541077,243.471312630177,82.4024215032114,41.0329577064514,207.768228584528,141.096486151218,17.5270284986496,159.967972832918,79.1379753947258,7.09230247706175,12.9212284088135,4.82941031455994,3.46476913690567,0.397419959306717,0
95.1551970541477,0,0,0.00712993741035461,131.12187666297,118.01677621901,22.4206382811069,223.642604076117,116.526738554239,19.0030511214584,212.705498180166,99.6203946508467,9.64849766723812,6.39152020215988,4.05890285968781,1.72285028100014,1.35638478398323,5.96046447753906e-08
102.662060633302,0,0,0.00453239679336548,153.264900645614,105.628545507789,26.295757111609,184.833622416202,122.265408486128,15.8852335998882,140.149910661578,104.922471556813,6.37332485124469,6.32049381732941,10.72355248034,1.69036355316639,2.43662984669209,0
78.7449825704098,0,1,27.0242546740919,201.531819751859,126.357599794865,33.0538733325899,228.749272097647,113.60122486949,19.6054403819144,262.919163236022,84.3156737685204,11.7322502018511,11.0953845083714,4.53124165534973,3.05337358117104,5.08062563091516,0.722158953547478
157.477194726467,0,8.94069671630859e-08,0.0451795756816864,151.2950450629,103.50814037025,25.7040202724934,195.426935128123,94.9322262406349,16.6482177042589,265.530206313729,137.260314643383,11.9171934983134,13.1893575191498,4.10137116909027,3.5644407749176,0.834808051586151,0
117.210402753204,2.98023223876953e-08,0,0.00105786323547363,247.646389436722,119.987938776612,42.412644174099,194.068535176665,103.125661984086,16.4421695427597,212.105262459815,115.056230768561,9.52954484106507,4.2113184928894,5.15288650989532,1.14769524335861,2.54463891685009,8.94069671630859e-08
42.1018877625465,0,5.96046447753906e-08,0.000545650720596313,188.656681187451,103.527055084705,32.5846087422967,206.937413922697,106.512702703476,17.5440520858765,202.12404743433,94.4397310167551,9.08025831002742,10.0760475546122,3.27152132987976,2.72661438491195,1.92972627282143,8.94069671630859e-08
164.681390911341,0,0,0.00201085209846497,137.093996223807,83.6434297403321,23.1154818150401,277.935757863522,118.411776870489,23.6638152143359,173.895680914819,118.792106434703,7.84961815387011,7.42463201284409,6.2164568901062,1.98538339734077,0.238306224346161,0
81.1019459664822,0,0,4.71174716949463e-05,174.524089917354,105.824739262462,30.4138816737011,215.999431108683,70.9176909178495,18.5290916075557,87.9717921495438,99.0836021304131,3.91826984465122,16.4239263534546,7.18211501836777,4.40850684642792,1.47369682788849,1.11162662506104e-05
116.629691187292,8.31484794616699e-06,0,0.0020366907119751,176.735145573597,79.6599020250142,29.9763941561244,235.769868572056,110.098539888859,19.9884770822525,222.635627236962,87.2851109802723,9.9936435841769,8.68936866521835,5.50264924764633,2.33341530561447,0.345321804285049,0
41.5214313268661,0.953320175409317,0,0.00103354454040527,130.35499637723,107.470277622342,23.2478926768899,167.084355168417,89.345152657479,13.9491196587309,281.420712009072,84.9237428307533,12.8300920835137,8.50167199969292,2.33947396278381,2.26796106398106,1.66095122694969,0
45.2161281704903,0,0,0.000270545482635498,158.860787241161,90.5458697117865,27.7490205980837,199.680030432716,67.0324120670557,17.0852504044399,249.340266633034,120.882450163364,11.1852801302075,9.52430214732885,2.72925138473511,2.56836695820093,1.2931804060936,0
44.0782581567764,1,0,0.00394874811172485,156.27029761672,90.7151954993606,27.8890030065179,271.029183350503,94.9843898415565,22.7063254852593,216.51564979665,128.907139092684,10.122756758891,12.2108580172062,1.80112779140472,3.20018316507339,4.14763203263283,0.99999925494194
117.956042040139,0.000606417655944824,0,0.00259754061698914,108.42357199192,93.1346303969622,18.5016409617662,121.478544591367,71.8128937482834,10.5903105123341,187.094876365364,69.5305045247078,8.44602626223117,2.57717967033386,6.3217231631279,0.705249845981598,0.72631698846817,2.68220901489258e-07
152.495916694403,0.0013221800327301,1,27.9395029172301,255.537134158611,115.95924474299,41.8287150549889,201.467856742069,117.983729839325,17.3228777578101,156.474201446772,79.790917724371,6.79501274868846,5.85552573204041,4.87721681594849,1.63653218150139,0.435599863529205,9.76622104644775e-05
192.649271726608,2.17556953430176e-06,1,41.5858288407326,237.886064952612,159.298569560051,38.0665395534039,186.157755215745,85.4310375498608,16.6501117856055,255.052670606971,92.3218374252319,11.1226009007543,7.55912005901337,6.08545184135437,2.19985771179199,0.56500706076622,1.19209289550781e-07
110.769223108888,8.34465026855469e-07,0,0.000151991844177246,201.990376588702,113.656665310264,35.02376606673,181.664643265796,122.231483906507,15.4804035103635,104.398117750883,73.2966913878918,4.61294081956148,13.8003942370415,2.8699666261673,3.70868235826492,3.13887159526348,0.996878504753113
128.092216931283,4.88758087158203e-06,1,22.7777246162295,171.282022596896,134.770273715258,27.3344380420446,157.632445903867,96.799553707242,13.9168013272062,189.744631952047,65.8697329163551,8.39974880561233,5.01550048589706,6.56861364841461,1.42304229140282,0.954096883535385,5.00679016113281e-06
155.830373257399,0.0011691153049469,1.16229057312012e-06,0.0741948187351227,288.177433848381,83.6348212463781,48.7489757716656,225.27495155856,102.048676908016,18.8332074457407,214.760481080972,77.0781343579292,9.58952856069431,6.36283934116364,3.26632797718048,1.71547570824623,2.08040311932564,0.51226965431124
100.946885898709,4.20212745666504e-06,3.27825546264648e-07,0.0882160663604736,153.575627358258,62.1338805556297,26.0509561398625,211.462466427684,108.693897128105,18.0986226148903,282.849836564064,145.970176279545,12.7473897390068,13.4234616160393,7.11859256029129,3.5989884853363,2.0168728530407,0.000520884990692139
88.3123049438,8.94069671630859e-08,0,0.0011095404624939,133.271298781037,110.251940488815,22.9714982333779,178.692031262908,53.3600199222565,15.3628691899683,177.575341597199,96.8650928214192,7.97135408639908,7.60366216301918,2.72587478160858,2.06854625344276,0.975886881351471,0.000659078359603882
113.954928830266,0,0,0.00162783265113831,190.878361958265,85.9372825082392,32.7549275489151,195.534782864526,103.696659877896,16.7112268552557,171.6121775195,107.584684155881,7.65696810767055,9.18065644800663,3.52585256099701,2.46857908666134,1.37309709191322,0
117.84334705025,4.81903553009033e-05,1,21.3151857554913,191.647837612033,152.245979905128,30.4856969454512,227.041641613841,86.2531501147896,20.0464447918534,205.428703712672,63.529340326786,9.09284528661519,6.94534361362457,7.91056871414185,1.97267873883247,1.46471893787384,0.0258369445800781
159.097670167685,4.70876693725586e-06,1,30.7655237540603,203.24385048151,99.2716709151864,32.5954976034164,228.493778142333,117.14399009943,19.5674053768814,300.622487658262,88.4396501928568,13.3840147832036,9.01103265583515,9.12053592503071,2.51662119179964,0.767269760370255,0
137.701363533735,2.98023223876953e-07,0,4.25577163696289e-05,268.917879426479,81.7385218525305,46.5847385287285,268.040885554254,143.53773355484,22.7167243361473,131.88237029016,122.907832711935,5.85273258522153,13.8278421759605,7.2005507349968,3.73407196104527,0.650140374898911,1
65.0010214447975,0.0498276650905609,1,18.7109650969505,272.882807219029,135.240449309349,44.684475184679,228.851474015415,130.691205561161,19.8114101271331,177.270957396925,43.0782942175865,7.70618495613337,7.69007459282875,9.82949519529939,2.1551280811429,0.550065010786057,0.00178200006484985
55.7575828433037,0,0,0.000141352415084839,265.292644274235,80.050943554379,45.6146687543392,181.111436957866,69.2864042520523,15.3420314452238,217.321396999806,115.493676885962,9.75619294455275,11.0161870718002,8.89429323375225,2.9684520944953,1.55957043170929,0.00673457980155945
147.581755042076,0.000527501106262207,0.455863274633884,11.6750559210777,67.0970119953156,106.473642066121,11.082430011034,191.920372317359,102.037991881371,16.385759219639,128.587194767594,67.2510009407997,5.81768250480294,10.2795490436256,2.39549219608307,2.76958138681948,2.34752686321735,0.0011565089225769
50.3728240132332,0,0,4.55975532531738e-06,290.020526742935,89.6289701387286,49.8239429819584,168.827658500522,106.370476335287,14.2570192839578,240.086849546432,104.577285013162,10.6264552655816,13.0049389600754,4.14508640766144,3.55176556706429,0.225153475999832,1
52.7099323272705,1.96695327758789e-06,0,0.00104418396949768,155.8775293082,120.151427015662,27.1724381831288,120.747132648528,69.6420081704855,10.39702508986,164.986535070837,93.187730461359,7.38713863000274,7.65242695808411,6.57411247491837,2.05801346004009,0.555190443992615,0
110.304038658738,6.85453414916992e-07,1,39.1438807547092,125.554093486071,110.331137403846,20.2206324291229,180.689802053245,118.690580576658,15.3867977423454,244.847344088554,77.768778949976,10.9930551344156,6.92844897508621,4.82520163059235,1.91944136917591,3.39593162387609,5.5462121963501e-05
85.2004770040512,0,0,1.36792659759521e-05,252.497307395935,89.8004017956555,43.7456593966484,180.409395432053,117.471535056829,15.5511281331838,133.879270923138,130.278472661972,5.93546235233545,10.9706065803766,9.30473402142525,2.96878295168281,1.75628390908241,1
204.88544023037,4.26769256591797e-05,0.99997940659523,37.5711109489202,193.014707916975,110.717169195414,31.922091639787,175.28192124106,102.93028280139,14.8149423680454,98.786219483614,84.3623032867908,4.38265324532986,11.6386793553829,3.13684940338135,3.15838942676783,2.02912545204163,1.77323818206787e-05
94.1409308761358,0,1,25.856376345735,169.015182945132,65.3607780486345,27.6196633274853,265.792188644409,79.0764959529042,22.6459309011698,205.535512840748,120.513953819871,9.1788145828899,10.8534686267376,4.87958669662476,2.95324042886496,1.82350328564644,0
175.611245751381,2.98023223876953e-07,2.98023223876953e-08,0.0172313153743744,261.379310202599,103.238864466548,44.4741328704357,238.764577698708,87.3768528923392,20.132932997793,146.625794565678,117.462793812156,6.50079460158944,8.51355388760567,1.31409347057343,2.28548919260502,2.86358293890953,0.000314921140670776
55.0635132193565,0,0,0.00037693977355957,143.052211093903,84.1547178849578,24.8992616727948,245.595121312141,67.2171784192324,20.8876536555588,298.592195928097,94.2845958769321,13.4724078172445,11.09783180058,3.25583934783936,2.99805135056376,2.58738876879215,0
81.4870537817478,0,0,0.000866353511810303,216.663481837511,137.276260703802,37.2741192930937,239.063411813974,72.7007110416889,20.1979316884279,244.030298234522,104.760168850422,10.9889310236275,12.3533092439175,3.8977462053299,3.31999011933804,0.215533196926117,0
60.8677890896797,0,5.96046447753906e-08,0.000829875469207764,234.284133225679,107.951431274414,40.4152133524418,158.258463812619,84.9246690719156,13.455401429981,223.736486336589,103.735425436869,10.0401801844314,10.8845616132021,4.57644522190094,2.9392425365746,2.42704631388187,0.880390286445618
209.027139663696,0.00104773044586182,0.999996542930603,39.9073449075222,158.413592000306,114.826424717903,25.5538695207238,195.77339762412,118.975094109774,16.6734307838231,217.196758649126,72.0297891497612,9.71271069295704,13.7809103727341,5.54523438215256,3.75487136542797,0.71251192688942,2.74181365966797e-06
209.749019384384,3.96370887756348e-06,1,31.043690867722,228.186424511671,104.260559007525,37.3270363587141,124.448513461649,108.57088252902,10.6890638996661,215.551618294045,96.7815180271864,9.47339133510832,7.54902705550194,4.98432219028473,2.11632024496794,1.13897725939751,8.94069671630859e-08
152.967876970768,5.36441802978516e-07,0,0.0241591036319733,134.778070661426,114.05556589365,22.9463985309005,194.60016887188,83.7720801355317,16.6239930613339,217.185877594724,71.7157482206821,9.81122500611469,13.9327746629715,5.046766102314,3.75675894320011,1.30437299609184,3.36766242980957e-06
56.2334773540497,0,0,0.000603407621383667,136.485300090909,112.105506286025,23.7288270780444,261.910087439418,80.9542779251933,22.1748699109256,285.874503755569,95.7960216626525,12.9793513387442,12.5828918814659,7.5268679857254,3.37491925209761,0.471367925405502,0
120.485056857578,1.16825103759766e-05,0.999994695186615,42.7010689973831,105.095834493637,111.370723843575,16.915651345253,277.626572403312,132.302025258541,23.5963316142559,181.031627640128,95.6918669939041,8.16589641712606,14.7778105735779,4.55797493457794,3.98283190727234,0.590960383415222,5.96046447753906e-08
167.429026305676,8.9108943939209e-06,0,0.000639885663986206,242.903907155991,80.6301129469648,41.6648013693094,251.246825581789,75.6710268557072,21.339506457001,94.9963327229023,98.4542961865664,4.17301140397787,10.6089660525322,2.21096634864807,2.85083312876523,3.73559376597404,0.999845713376999
78.8433420360088,0,0,0.000183910131454468,189.610779508948,99.9070337042212,32.686079108566,258.866911256313,66.7098309099674,21.995246193558,143.169973903894,96.9348027557135,6.42032744884491,6.0564336180687,3.1794399023056,1.62863771617413,1.17465171217918,0
159.460239976645,1.81794166564941e-06,5.96046447753906e-08,0.0246378779411316,152.96548717618,112.43818692863,26.112169046849,93.9654501482844,82.7190644107759,8.18451837316155,242.736322580278,95.9654109999537,10.9348329511285,11.0880770534277,9.90256998687983,3.01085383594036,1.67951372265816,1.43349170684814e-05
150.238985985518,3.96370887756348e-06,1.49011611938477e-07,0.238596796989441,102.027095383406,116.353798359632,17.1505201470852,141.183668319881,134.432940781116,12.0606712724268,208.515104068047,91.1829182654619,9.46731461395277,5.33466428518295,4.81368839740753,1.4413365393877,1.3546139895916,1.14142894744873e-05
144.943181961775,0.00272929668426514,1,32.0032856762409,224.931305044889,110.655623227358,35.9807043322921,239.357200326025,121.65557667613,20.639042956382,301.089691546559,78.3408977687359,13.3819451242685,7.68863081932068,10.5673753097653,2.16609124839306,0.461491227149963,1.49011611938477e-06
31.5178524851799,0,0,0.000348061323165894,188.498257884383,118.156855255365,32.6943022982776,219.814413867891,88.1966883502901,18.6369670767337,184.867398765683,98.5653176903725,8.36916817385703,12.7685132622719,6.17536574602127,3.43138569295406,0.458965122699738,5.96046447753906e-08
77.0536260008812,0,0,0.000313103199005127,184.777142440528,104.558518007398,31.9197547893226,205.278637993336,105.778746753931,17.4513414732367,223.246439990401,99.7546372823417,9.98288924794644,10.2774539776146,2.69490718841553,2.78307146150619,2.77858212590218,0
70.215389341116,1,1,27.6119775921106,214.058898031712,143.187407702208,35.0714135545492,253.336019647121,130.515158474445,21.5082126936316,339.760986590385,80.3743209838867,15.2960206523538,7.84003138542175,2.05825567245483,2.17566926926374,0.340932369232178,0.962227463722229
129.481058914214,1.78813934326172e-07,1,26.9583612699062,213.826705378294,91.2684859335423,35.1960402470827,278.494828042388,75.6426069140434,23.5493389597535,178.119084063172,91.9071210026741,7.92302959449589,7.43517577648163,3.14606249332428,2.03987370729446,3.26932176947594,7.48038291931152e-06
101.266958042979,1.69873237609863e-06,1,21.6444054096937,222.215682351589,149.75378125906,35.6486049547791,223.421602861583,99.4738679379225,19.8274185632169,262.650649395585,88.7399225383997,11.6165519794822,11.2481307983398,10.338435433805,3.14390022754669,0.960290104150772,1.58548355102539e-05
188.926815271378,1.43349170684814e-05,0.992473721504211,15.4402419626713,191.491745696962,103.859010413289,31.9117186720669,185.935847581085,104.414048716426,15.7000070910994,145.401000034809,111.365359030664,6.47559048354626,8.11521977186203,3.01764667034149,2.20981010198593,3.31102623045444,6.07967376708984e-06
32.9310395717621,0.78531014919281,0,0.0014682412147522,131.712321582437,115.737018361688,23.4990016785264,152.277351023257,71.6092386096716,12.6725883988291,307.207918959856,94.9191822111607,13.9726455286145,7.4931412935257,2.57405281066895,2.00266690850258,0.89098933339119,0
117.050519488752,3.27825546264648e-07,0,0.000518292188644409,232.765510994196,116.238866820931,40.0900236582756,120.159116640687,110.875821113586,10.3176120820642,178.08124691397,110.274897582829,7.91147944174707,9.97997042955831,6.90907537937164,2.71895126891322,3.49117351323366,0.997106462717056
96.743046477437,8.94069671630859e-08,1,36.5368049293756,114.413352078199,96.5720263123512,18.885018632412,164.759242570773,115.608695149422,14.0282846361771,205.028018510528,94.1904978603125,9.21770216111094,13.3523142337799,3.28121185302734,3.61373336613178,4.08641885966063,4.68194484710693e-05
30.7833226323128,0,0,0.000313103199005127,155.795439359546,131.893953680992,27.2811155046523,137.445849146694,90.2772736735642,11.5071960380673,312.952007633448,124.350328296423,14.0925112393498,10.3497928753495,2.43886828422546,2.83052208423615,0.284556359052658,0
62.8841220736504,0,0,0.0048515796661377,132.067751091719,75.0013170205057,22.823914951086,140.518551050872,122.116061300039,12.0909625258297,191.033416390419,101.093767717481,8.58884189039469,10.6709540635347,4.40477788448334,2.85142419375479,0.715311348438263,0
13.1102225184441,0,0,0.000144392251968384,117.770007151365,112.710182145238,20.891420044899,259.416757357121,76.8388036265969,21.9756488020718,242.269057749212,122.921954661608,10.9606805032492,12.9425826668739,1.88736081123352,3.47561413943768,0.353468477725983,0
127.486890707165,0.000469565391540527,0,0.00998890399932861,95.0520477294922,76.1911049298942,16.2847968113422,155.114505634457,80.6980336084962,13.4321305639297,79.1499052703381,57.7362728118896,3.53976407706738,10.5983124300838,3.0932629108429,2.82796627432108,1.99873414635658,0.000341564416885376
50.4704694747925,0,0,0.000183910131454468,218.025812208652,103.345920816064,37.6971287745237,137.084413782507,84.2142815655097,11.686373899579,172.913012005389,110.506894618273,7.69604943595827,11.904576420784,4.78715479373932,3.22876961231232,1.37789368629456,0.000125348567962646
107.062493674457,9.83476638793945e-07,8.94069671630859e-08,0.214493930339813,148.731731006503,126.704049110413,25.1717582550645,180.956913157692,133.087959885597,15.3443711305386,160.654637172818,95.9998710751534,7.22379462525249,10.8380702137947,3.03029000759125,2.89725895822048,0.591005444526672,4.61935997009277e-06
70.4352016150951,0,0,0.000367820262908936,181.927593006939,101.874927431345,31.4560992622376,176.389626250789,59.3302012979984,15.0926261622831,124.045235455036,92.5607637166977,5.47350585237145,14.0336757898331,2.38813817501068,3.79436340630054,1.29770958423615,5.90384006500244e-05
136.689380005002,3.34084033966064e-05,1,32.7341133803129,250.523013812304,147.229142636061,40.4905533403158,286.303438264132,86.6484080720693,24.661420455575,213.860932222009,88.48052957654,9.36425820169971,6.65113687515259,6.2826731801033,1.88860878646374,0.730328232049942,0.000137925148010254
117.034598641098,0,0,0.0142598748207092,186.971166075766,83.0834787106141,31.5636403740942,238.881434085965,129.155105054379,20.1954513849318,221.207779709995,86.7329076230526,9.92173867302015,10.849434286356,3.39030504226685,2.90894919857383,0.236947953701019,0
130.041024245322,2.98023223876953e-08,0,0.00156551599502563,164.67599811703,122.70953334868,28.239599673003,241.394643086195,122.233186215162,20.5693964026868,161.095197990537,114.899268493056,7.27194074556231,6.81354194879532,4.83399271965027,1.82727272808552,1.4385067820549,0
147.821700066328,0.0126699507236481,0.234884053468704,9.87170460820198,30.9135148286819,102.755768448114,5.13632889032364,152.832296922803,107.777150720358,13.2813718678802,104.880762320757,66.3669973611832,4.74995762586594,8.01809519529343,2.15362370014191,2.1623364508152,4.03878188878298,0.0636703670024872
91.935356169939,0,0,0.00148344039916992,207.158948776126,114.201442524791,35.6096552252769,216.995566504449,88.1725833937526,18.4584810287505,204.194360904209,103.186918736435,9.18485676480457,12.4765020608902,5.70224493741989,3.36201837658882,1.60696318745613,5.96046447753906e-08
108.250590987504,3.87430191040039e-07,2.98023223876953e-07,0.0178028047084808,133.004268604517,98.7369509786367,22.9341535055637,86.0424927920103,86.3887586630881,7.55544201433659,226.727245802432,114.260887175798,10.1917791489512,11.1524491757154,9.70499448478222,3.01893584802747,2.37328344583511,1.49011611938477e-07
61.5296059250832,0,0,0.000802516937255859,205.405214428902,92.1460335329175,35.4595404660702,218.098743478209,108.919356763363,18.5531305155903,190.57016408667,130.210605204105,8.59469200499356,8.67280721664429,7.3783415555954,2.32728341370821,2.78171065449715,0
