"V1","V2","V3","V4","V5","V6","V7","V8","V9","V10","V11","V12","V13","V14","V15","V16","V17","V18"
0.203801646828651,-1,-1,-0.99966686964035,-0.470247834920883,0.782706260681152,-0.458836734294891,0.117153935134411,0.278172522783279,0.103394336998463,-0.163543865084648,0.460617631673813,-0.162306278944016,0.339919537305832,-0.882861137390137,0.346631348133087,-0.91376119852066,-1
-0.379737228155136,-0.999995768070221,1,0.270862460136414,0.00284817325882614,0.349209129810333,0.0171551201492548,0.495692729949951,0.318366467952728,0.516292810440063,0.364771991968155,0.126606896519661,0.383236825466156,0.0104466676712036,-0.380258172750473,0.0121510112658143,-0.79694676399231,-0.99992573261261
-0.178658112883568,-0.99999988079071,-1,-0.999971210956573,-0.544569969177246,-0.0271699372678995,-0.566435933113098,-0.0809566080570221,-0.136487826704979,-0.0635561719536781,0.289452880620956,-0.207566007971764,0.268635392189026,-0.316592872142792,-0.88554722070694,-0.315493941307068,-0.407928973436356,-0.988551199436188
-0.0878146439790726,-1,-0.999994695186615,-0.999175250530243,-0.146894693374634,0.340742945671082,-0.155300512909889,-0.0351028926670551,-0.056397620588541,-0.0427161753177643,-0.218834713101387,0.470461547374725,-0.235585600137711,-0.275588482618332,-0.340591907501221,-0.248072147369385,-0.527512788772583,-1
0.48676273226738,-0.999993085861206,0.999982893466949,0.247354120016098,-0.127981290221214,0.450929701328278,-0.117186695337296,-0.0682521536946297,-0.030697675421834,-0.0848294347524643,-0.0705320984125137,0.338268101215363,-0.0495255663990974,-0.234840348362923,-0.510100901126862,-0.232936531305313,-0.875748813152313,-0.999999761581421
0.10835961997509,-0.999979197978973,-1,-0.999195754528046,0.219479233026505,-0.0799495130777359,0.210692554712296,0.0140641154721379,0.0517257824540138,0.0148603329434991,0.360181599855423,-0.302782118320465,0.360333859920502,-0.155631110072136,-0.736378848552704,-0.154435619711876,-0.503399848937988,-0.973450601100922
-0.468926519155502,-0.999999940395355,-0.999977827072144,-0.999965131282806,0.560053706169128,0.093682236969471,0.559105575084686,0.10138264298439,-0.272657841444016,0.113766558468342,-0.315860986709595,0.218655571341515,-0.323897570371628,-0.118192546069622,-0.0691438168287277,-0.106747172772884,-0.343730032444,0.831599175930023
-0.105076089501381,-0.999999701976776,-0.999997973442078,-0.999656856060028,0.123401150107384,0.347159564495087,0.124810308218002,0.112437322735786,-0.0146342040970922,0.119292423129082,-0.12310329079628,-0.150782734155655,-0.138341635465622,-0.246302589774132,-0.602522790431976,-0.229129105806351,0.0873879194259644,-0.999999821186066
-0.680224001407623,-1,-1,-0.999990940093994,0.0238378215581179,0.493707418441772,0.028407434001565,0.12443020939827,0.459951758384705,0.123620420694351,0.0150364609435201,-0.129301130771637,0.00968993920832872,-0.501191556453705,-0.659962236881256,-0.487802594900131,-0.85599809885025,-1
-0.369561612606049,-1,-0.999991595745087,-0.999801099300385,0.282626628875732,0.1314497590065,0.282365769147873,-0.0367561765015125,0.104969970881939,-0.0320118889212608,-0.34758397936821,0.12912292778492,-0.35710346698761,-0.136000007390976,-0.621912479400635,-0.109665155410767,-0.0520232878625393,-1
-0.33925274014473,1,-1,-0.999765157699585,-0.19104440510273,-0.0563508570194244,-0.186950817704201,0.524979829788208,0.195087626576424,0.520036160945892,-0.204553887248039,0.332359254360199,-0.207598119974136,0.0629498213529587,-0.77732640504837,0.0581409446895123,-0.884327530860901,-0.999999940395355
-0.370229125022888,1,1,-0.0858266055583954,0.354760110378265,0.606447458267212,0.373647928237915,-0.0688190758228302,0.752288699150085,-0.048166248947382,0.350274175405502,0.050390899181366,0.366245776414871,-0.278301596641541,-0.438547909259796,-0.297676771879196,-0.817946493625641,0.846855044364929
0.41460382938385,-0.999997437000275,1,0.370184153318405,0.14143331348896,0.690898835659027,0.170000016689301,-0.111293226480484,0.308465331792831,-0.0652417168021202,0.408563524484634,-0.167645037174225,0.422091007232666,-0.0200913213193417,-0.0743530318140984,-0.0157662089914083,-0.787872672080994,-0.999999761581421
-0.409863412380219,-0.99999988079071,1,0.442755371332169,0.234170079231262,0.512087225914001,0.263587325811386,0.34868660569191,0.42047381401062,0.383193671703339,0.130483210086823,0.133274763822556,0.155621886253357,0.171088397502899,-0.169365629553795,0.177114963531494,-0.707978010177612,-0.999999225139618
-0.651085495948792,1,1,0.488064616918564,0.128035143017769,0.690115928649902,0.201823383569717,0.242262065410614,0.628499448299408,0.272872239351273,0.46170774102211,-0.483387440443039,0.491641670465469,0.288431704044342,-0.951720476150513,0.214350685477257,-0.877840936183929,1
-0.744760751724243,-0.999998688697815,1,0.177757233381271,-0.106683686375618,0.266234129667282,-0.102021373808384,0.318010121583939,0.678704440593719,0.337121844291687,0.248966887593269,0.405762165784836,0.270882815122604,-0.133761197328568,0.0187257081270218,-0.127003699541092,-0.835078299045563,-0.999999821186066
0.19211021065712,-1,-1,-0.999935030937195,-0.044023409485817,0.184754863381386,-0.045236598700285,0.0313531868159771,-0.199370414018631,0.02744478918612,0.0395199172198772,-0.194878354668617,0.024457911029458,0.021627401933074,-0.0461215600371361,0.0455538295209408,-0.827959537506104,-1
-0.416167765855789,-0.999999642372131,-0.999984860420227,-0.999978482723236,0.574668169021606,-0.0640931576490402,0.567896246910095,0.123453706502914,-0.277443110942841,0.140885338187218,-0.0732561573386192,-0.0668826475739479,-0.0897401347756386,0.274464547634125,-0.416533708572388,0.283221065998077,-0.210479825735092,0.998727202415466
0.149448484182358,-0.99999988079071,-1,-0.998334407806396,-0.63538122177124,0.434445112943649,-0.626002967357635,0.693233728408813,0.0360431149601936,0.681495845317841,-0.155235260725021,-0.142575457692146,-0.14882256090641,0.261961370706558,-0.850461363792419,0.261832296848297,-0.937085747718811,-1
0.253992408514023,-0.99999988079071,-1,-0.998899161815643,-0.0805538669228554,0.577464401721954,-0.0850816741585732,-0.186516508460045,0.409757643938065,-0.191009968519211,0.0249698515981436,0.0510190799832344,0.00556615320965648,0.192872792482376,-0.0160357970744371,0.221444264054298,-0.0923497900366783,-1
-0.559119999408722,-1,-1,-0.999840259552002,-0.518410801887512,0.436787515878677,-0.520120441913605,0.159789249300957,-0.310378551483154,0.152479916810989,0.143314883112907,0.285196900367737,0.127121791243553,0.120360784232616,-0.387841194868088,0.139814183115959,-0.799924075603485,-1
0.225715711712837,-0.999998927116394,-1,-0.999944686889648,0.807156562805176,0.308828979730606,0.803587377071381,0.337115794420242,-0.0814373269677162,0.337684214115143,0.676127374172211,0.468615680932999,0.669995605945587,-0.751789271831512,-0.839949011802673,-0.754644811153412,-0.883308470249176,0.99999988079071
-0.111890412867069,0.99999988079071,-0.999999523162842,-0.998723685741425,-0.231718108057976,0.395363569259644,-0.215327695012093,-0.660145580768585,-0.371887981891632,-0.659065127372742,0.292810380458832,0.313047796487808,0.284489542245865,0.195259883999825,-0.532596826553345,0.189280852675438,0.212586730718613,-0.99998927116394
0.323623716831207,-0.999803185462952,-1,-0.999900877475739,0.735767543315887,-0.353038996458054,0.720437109470367,0.329875379800797,-0.277615815401077,0.329052805900574,0.40437787771225,0.311560928821564,0.389590322971344,-0.110790230333805,-0.653762876987457,-0.124840147793293,-0.549720823764801,1
0.311836838722229,-0.999987125396729,-1,-0.99969619512558,-0.0503579713404179,0.3548264503479,-0.0392429009079933,0.391932755708694,0.315748542547226,0.38839253783226,-0.185919761657715,-0.213390007615089,-0.185888946056366,-0.0468275807797909,-0.394365310668945,-0.0356980226933956,-0.886542737483978,-1
-0.187679544091225,-1,-1,-0.999907493591309,0.15853825211525,0.237242624163628,0.164208337664604,0.387217015028,0.0710580348968506,0.382272094488144,0.00126467552036047,0.198226407170296,-0.0139125222340226,-0.457567721605301,-0.460399746894836,-0.436040282249451,-0.678894937038422,-1
-0.601217091083527,-1,-0.999967277050018,-0.999923050403595,0.235424339771271,-0.175999581813812,0.226069211959839,-0.00256662606261671,-0.18391215801239,0.00812955852597952,-0.271579921245575,-0.121538855135441,-0.278352677822113,0.314568191766739,-0.348065137863159,0.332135647535324,-0.230102762579918,-0.988790035247803
-0.480623930692673,-1,-1,-0.99998927116394,0.0332757569849491,0.0196721889078617,0.0441784039139748,0.525304555892944,-0.191518485546112,0.521588802337646,0.264007389545441,0.128952547907829,0.252580493688583,0.0246188454329967,-0.595633685588837,0.0514545626938343,-0.80887234210968,-1
-0.0526181273162365,-0.99999862909317,-1,-0.999881982803345,-0.0398138463497162,0.398156493902206,-0.0245069973170757,0.545652329921722,0.130024299025536,0.546137928962708,-0.544679641723633,-0.376738548278809,-0.55305141210556,-0.188956260681152,-0.598381638526917,-0.17277492582798,-0.0500201135873795,-1
-0.353789001703262,-1,-1,-0.999955594539642,0.220042765140533,-0.00335965398699045,0.231832414865494,0.187595650553703,0.123983502388,0.182652711868286,0.0301631987094879,-0.168931931257248,0.0331140011548996,0.0691931322216988,-0.770388007164001,0.0817358642816544,-0.932377398014069,-1
0.00986308138817549,-0.999991536140442,-0.999997556209564,-0.999581396579742,0.313517093658447,-0.032230693846941,0.312637537717819,-0.0333627797663212,-0.044509869068861,-0.0222063399851322,0.121836565434933,-0.338917404413223,0.122242338955402,-0.26995062828064,-0.68586665391922,-0.268817335367203,-0.276076704263687,-0.996453762054443
-0.352589339017868,-1,-1,-0.999208629131317,-0.201313123106956,0.437633126974106,-0.203862234950066,0.164867654442787,0.817912638187408,0.147957012057304,-0.178800016641617,0.0771323591470718,-0.177584558725357,0.372610002756119,-0.865817487239838,0.388411909341812,-0.148002400994301,-1
-0.549624383449554,-1,-0.999995291233063,-0.999951303005219,0.041443545371294,-0.0376813411712646,0.03282605484128,-0.0500503592193127,-0.0751090198755264,-0.043769221752882,-0.322232455015182,-0.0829591825604439,-0.332436114549637,0.093252882361412,-0.823361396789551,0.117584459483624,-0.520587682723999,-0.999999642372131
0.422741860151291,-0.999993920326233,-0.999999046325684,-0.998896479606628,0.124578230082989,0.125251263380051,0.11957635730505,-0.218803957104683,-0.253861099481583,-0.210657000541687,0.199323460459709,0.332159966230392,0.196103170514107,0.104264572262764,-0.431505173444748,0.111211471259594,-0.595210552215576,-0.999868869781494
-0.127947807312012,-0.99999988079071,-1,-0.999923646450043,-0.125115290284157,0.561015188694,-0.113603971898556,0.165622115135193,0.35227769613266,0.153315499424934,-0.272000461816788,-0.0157558526843786,-0.280400574207306,-0.0247429069131613,-0.00935647543519735,-0.0019971551373601,-0.874234199523926,-1
-0.241843849420547,-1,-0.999997198581696,-0.999760985374451,0.281532526016235,0.0950124710798264,0.274162024259567,-0.41155269742012,0.117995783686638,-0.414675563573837,-0.513879835605621,0.240499913692474,-0.522323250770569,0.00836666859686375,-0.529792606830597,0.0446106642484665,-0.571151912212372,-1
-0.0717189237475395,-0.999975264072418,1,0.443268030881882,-0.125724732875824,0.264542996883392,-0.107764557003975,0.239462077617645,0.564439415931702,0.23260460793972,-0.308771967887878,-0.262666374444962,-0.275842785835266,0.264446824789047,-0.344537049531937,0.260602504014969,-0.879831194877625,-0.999995529651642
-0.446055471897125,-0.999997854232788,1,0.195913046598434,0.201184943318367,0.355909824371338,0.229968145489693,0.397651612758636,0.399750918149948,0.42794194817543,-0.0800553485751152,0.0970239862799644,-0.0519152320921421,0.137537822127342,-0.0770695731043816,0.141685962677002,-0.836560130119324,-0.999999523162842
-0.151515156030655,-0.999999940395355,1,0.2187529951334,0.303511381149292,0.403737813234329,0.325932562351227,0.105733975768089,0.199964135885239,0.127009451389313,0.0264478474855423,0.0313616916537285,0.0442937836050987,-0.291641443967819,-0.537218570709229,-0.283081859350204,-0.223202511668205,-0.999998033046722
-0.510110914707184,-0.999996066093445,-1,-0.999871850013733,-0.513254463672638,0.398720145225525,-0.516717731952667,0.281270533800125,0.642660796642303,0.26904433965683,-0.255670756101608,0.220482677221298,-0.254844427108765,-0.553299129009247,-0.35409888625145,-0.548174917697906,-0.912079274654388,-1
-0.445091605186462,1,-1,-0.999977946281433,-0.536528587341309,0.504598319530487,-0.522442638874054,-0.329154819250107,-0.0691099390387535,-0.344354420900345,-0.84853982925415,0.507523477077484,-0.850724101066589,-0.144615337252617,-0.8059361577034,-0.177327543497086,-0.825998961925507,0.735951542854309
-0.600999414920807,-1,-0.999998390674591,-0.999880135059357,0.130782023072243,-0.209604799747467,0.123742498457432,-0.0535937137901783,-0.155089303851128,-0.0541883707046509,0.0546148680150509,0.0708859115839005,0.0467002280056477,0.159001395106316,-0.600013136863708,0.185727789998055,-0.654077291488647,-1
-0.0609798692166805,-0.999995648860931,-1,-0.999971628189087,0.244658544659615,0.455399841070175,0.254017204046249,0.219724535942078,-0.232188642024994,0.227561175823212,-0.213101133704185,-0.282102882862091,-0.228609874844551,-0.0780238583683968,-0.505709648132324,-0.0626461952924728,-0.467017292976379,-0.999843060970306
-0.21985898911953,-0.999999225139618,-1,-0.999995708465576,-0.107087925076485,0.276403099298477,-0.104583643376827,0.584704577922821,-0.180414497852325,0.579466760158539,-0.707594990730286,-0.0758838802576065,-0.71481841802597,0.312805533409119,-0.661167442798615,0.317072629928589,-0.721563160419464,0.561485707759857
-0.207769438624382,-1,-1,-0.999983608722687,0.203387558460236,0.191271111369133,0.199599161744118,0.0769286751747131,0.161651164293289,0.0818641409277916,0.120997071266174,-0.378512322902679,0.106397286057472,-0.106659755110741,-0.930505692958832,-0.0878171846270561,-0.598670184612274,-0.999997854232788
0.272849053144455,-0.999999701976776,-0.996302843093872,-0.986869871616364,0.0100395018234849,0.211214810609818,0.022354107350111,0.125794053077698,0.371313273906708,0.119463242590427,-0.320331752300262,-0.109271623194218,-0.306844025850296,0.117401584982872,-0.791448533535004,0.121497131884098,-0.61912202835083,-0.999999940395355
-0.616879045963287,-1,-1,-0.999992847442627,-0.0975476279854774,0.312541157007217,-0.101828865706921,-0.118420094251633,-0.0607216134667397,-0.115852937102318,-0.301467478275299,-0.133904069662094,-0.310679823160172,0.00266964267939329,-0.870007276535034,0.0254932977259159,-0.916980743408203,-0.999996960163116
0.403656959533691,-0.999998688697815,-1,-0.999806463718414,-0.0674823001027107,0.312796831130981,-0.0684561654925346,0.0626353621482849,0.0070929522626102,0.0642473101615906,-0.00232205842621624,0.336220592260361,-0.0135854734107852,-0.549018979072571,-0.154077261686325,-0.536890804767609,-0.798940181732178,-1
0.294257968664169,-0.999998331069946,-1,-0.999862432479858,-0.178063064813614,0.563675224781036,-0.172331899404526,0.23210671544075,0.211425080895424,0.228038728237152,-0.0743072256445885,-0.459728389978409,-0.0837390869855881,0.0360605157911777,-0.870864272117615,0.0441141352057457,-0.630006074905396,-0.999975681304932
0.229676753282547,-0.999992191791534,-1,-0.999971807003021,0.10825227200985,0.083833709359169,0.0808724984526634,0.177326276898384,-0.179747760295868,0.181182280182838,-0.121132016181946,0.136807039380074,-0.143219947814941,0.405786395072937,-0.546298801898956,0.398050248622894,-0.550924181938171,1
-0.162264868617058,-1,-1,-0.999593317508698,0.0286084711551666,0.55997097492218,0.0338418111205101,-0.0535712540149689,0.603062868118286,-0.0655832812190056,-0.447992861270905,0.282553941011429,-0.451212584972382,0.12086582928896,-0.574041545391083,0.144566923379898,-0.436095714569092,-1
-0.449648678302765,-1,-1,-0.999955236911774,0.335589975118637,0.197752714157104,0.322306483983994,0.16940726339817,0.0998816639184952,0.171752423048019,0.371133089065552,0.519959688186646,0.363525539636612,-0.0932803153991699,-0.165496498346329,-0.0876169949769974,-0.705454111099243,0.94318950176239
-0.2642442882061,-1,-1,-0.999906063079834,-0.384311646223068,-0.0628077760338783,-0.405133336782455,-0.1019017547369,-0.0678295567631721,-0.0976459160447121,0.289222657680511,-0.10618582367897,0.267206013202667,0.163070052862167,-0.467724949121475,0.189960613846779,-0.441297143697739,-1
0.384703278541565,-0.99999988079071,0.999071896076202,-0.544931411743164,-0.240878015756607,0.352413386106491,-0.229874327778816,-0.0515384264290333,0.429575681686401,-0.0689488053321838,0.0231768321245909,-0.195582777261734,0.0432547479867935,0.0512903556227684,-0.586050391197205,0.0564660616219044,-0.919263362884521,-1
-0.354766964912415,-0.99992561340332,-1,-0.99988865852356,-0.605710625648499,0.25540816783905,-0.614692032337189,0.0249559786170721,0.056286983191967,0.0277403332293034,0.0392154529690742,0.255371987819672,0.0321190990507603,-0.666772603988647,-0.144845560193062,-0.668756246566772,-0.677637159824371,-0.999998211860657
0.0429417677223682,-0.99999725818634,-1,-0.999851286411285,-0.048098623752594,0.304809659719467,-0.0477498024702072,-0.187914803624153,0.352421700954437,-0.189831927418709,-0.226547300815582,-0.179417386651039,-0.229258358478546,-0.416370302438736,0.11897386610508,-0.405261516571045,-0.794113337993622,-1
-0.518529713153839,-1,-1,-0.999999225139618,-0.169003546237946,0.58464914560318,-0.13540506362915,0.66973751783371,-0.353625625371933,0.665643513202667,-0.919389665126801,-0.49597692489624,-0.920121133327484,0.517351269721985,-0.816466152667999,0.527332127094269,-0.899383068084717,-0.999744117259979
-0.699551105499268,-0.999999523162842,-1,-0.999775946140289,-0.735188484191895,0.228655248880386,-0.734621703624725,0.254344582557678,0.380500376224518,0.235150888562202,-0.309706956148148,-0.52770859003067,-0.301104456186295,0.0794995278120041,-0.901426315307617,0.0683176442980766,-0.883822202682495,-0.999999642372131
-0.21811543405056,-1,-1,-0.999778687953949,0.412136852741241,0.0461062081158161,0.422239750623703,0.131355851888657,0.34850212931633,0.116502359509468,-0.486388325691223,-0.215243488550186,-0.481870859861374,0.142321839928627,-0.742595613002777,0.161568641662598,-0.827106058597565,-1
-0.0451604165136814,-0.999999403953552,1,0.405266046524048,-0.052785363048315,0.140742227435112,-0.0187776982784271,0.374045073986053,0.298892855644226,0.357548803091049,-0.656505644321442,-0.583715081214905,-0.632101774215698,0.251423865556717,-0.71424788236618,0.24477906525135,-0.822757840156555,-0.999995768070221
-0.178623750805855,-0.99999874830246,-1,-0.999904036521912,-0.568987250328064,0.417548477649689,-0.56359475851059,0.32842880487442,-0.055781401693821,0.320903539657593,-0.456173270940781,-0.396649479866028,-0.45402467250824,-0.167395696043968,-0.892707228660583,-0.174389868974686,-0.860780775547028,-0.999956130981445
-0.307366222143173,-0.999997019767761,1,0.0505670122802258,0.455974966287613,0.252057313919067,0.460728377103806,0.125977277755737,0.783647656440735,0.115065075457096,-0.136354699730873,-0.215473189949989,-0.119633167982101,0.101983532309532,-0.494630962610245,0.125530809164047,-0.668460726737976,-1
-0.198243379592896,-1,-0.99999988079071,-0.999861121177673,0.211028397083282,0.172367706894875,0.207373172044754,-0.278843820095062,0.234510362148285,-0.271890312433243,-0.305503636598587,-0.272916346788406,-0.315577119588852,-0.0583616159856319,-0.482606887817383,-0.0372109785676003,-0.0402013957500458,-0.99999988079071
0.289336949586868,-0.999998569488525,-0.999999642372131,-0.999498724937439,-0.0339501947164536,0.297324538230896,-0.0373928621411324,-0.269653141498566,0.143119841814041,-0.262314349412918,0.0904566273093224,0.00495845731347799,0.0887156873941422,-0.315642178058624,-0.296884298324585,-0.310276687145233,-0.617615401744843,-0.999998211860657
-0.372608155012131,-1,1,0.0642558634281158,0.11950471252203,0.243336215615273,0.15082785487175,0.19837960600853,0.0808937773108482,0.22038434445858,-0.130532935261726,-0.013655717484653,-0.101751431822777,-0.176563486456871,-0.650183320045471,-0.177971586585045,-0.509864687919617,-0.999995350837708
-0.378033876419067,-1,-1,-0.999994277954102,-0.233755484223366,0.61406135559082,-0.236544504761696,0.401951402425766,0.0943447053432465,0.401363462209702,0.24083299934864,-0.437748640775681,0.227799564599991,-0.233156338334084,-0.535205960273743,-0.234841674566269,-0.92063570022583,0.83255410194397
-0.502542734146118,-1,-1,-0.999875783920288,-0.670590400695801,0.108645185828209,-0.672261595726013,0.17308846116066,0.246370762586594,0.171819031238556,-0.158881396055222,0.144364058971405,-0.154767215251923,0.284937888383865,-0.889452815055847,0.280788034200668,-0.705716788768768,-1
0.105975478887558,-0.999999761581421,-1,-0.999817371368408,0.487513482570648,0.26031094789505,0.495823681354523,-0.0952603295445442,0.372216701507568,-0.0961179509758949,-0.152782291173935,-0.218989551067352,-0.159442156553268,0.161933541297913,-0.353044033050537,0.187971577048302,-0.643088757991791,-1
-0.656099498271942,-1,-0.999999821186066,-0.99998950958252,-0.180770426988602,0.230190217494965,-0.199457809329033,-0.29703688621521,0.0521448887884617,-0.284384310245514,0.333250164985657,-0.290332466363907,0.319218367338181,-0.0232473220676184,-0.885543465614319,-0.00661597773432732,-0.816192984580994,-0.999408602714539
-0.441310733556747,-0.99999988079071,-1,-0.999998152256012,0.192605078220367,0.12943135201931,0.172610074281693,0.378635346889496,-0.138885274529457,0.379756927490234,0.149622589349747,0.243627980351448,0.127121701836586,-0.0871846228837967,-0.147428214550018,-0.0849464535713196,-0.911523938179016,0.999890923500061
0.070523664355278,-1,-1,-0.999933481216431,-0.225039348006248,0.107138462364674,-0.225334465503693,0.105823047459126,-0.187394142150879,0.114692777395248,0.198784530162811,-0.236298128962517,0.189170986413956,0.205087885260582,-0.686979830265045,0.212708830833435,-0.713672399520874,-1
0.654828011989594,-0.99932986497879,1,0.0528568476438522,0.464736640453339,0.813908159732819,0.487716495990753,-0.0975706875324249,0.312030017375946,-0.0487893223762512,0.304968893527985,-0.189161762595177,0.312539041042328,-0.35374516248703,-0.151842787861824,-0.342531263828278,-0.850975394248962,-0.999996542930603
0.161483839154243,-1,-1,-0.999965012073517,0.157612681388855,0.207085251808167,0.171038553118706,0.332229614257812,0.00317220808938146,0.325329035520554,0.29562845826149,0.128305673599243,0.292572110891342,-0.0458265319466591,-0.737797796726227,-0.0272271316498518,-0.972152471542358,-1
-0.545132696628571,-1,-0.972378671169281,-0.980307281017303,-0.502957046031952,0.274393945932388,-0.494646579027176,0.727208375930786,0.185649842023849,0.720234513282776,0.218423172831535,0.511194229125977,0.227630347013474,0.0287535637617111,-0.939059317111969,0.0322924889624119,-0.58423113822937,-1
-0.177050903439522,-0.999999761581421,-1,-0.999675869941711,0.0774318501353264,0.376600354909897,0.0814484357833862,0.20810629427433,0.429154932498932,0.198236525058746,-0.0890226066112518,0.356740415096283,-0.0942745804786682,-0.0901801958680153,-0.12513692677021,-0.0660590380430222,-0.83979344367981,-1
-0.464979439973831,-1,-0.999999761581421,-0.999845802783966,0.308786898851395,0.220638170838356,0.30527263879776,-0.209427639842033,0.667810261249542,-0.209040880203247,-0.218816787004471,-0.178936377167702,-0.222535833716393,-0.663858234882355,-0.23003289103508,-0.651790499687195,-0.114944614470005,-1
-0.0382673740386963,-0.999999105930328,-1,-0.99999988079071,0.528186738491058,-0.193187728524208,0.491832882165909,0.632955014705658,0.0189348161220551,0.629367470741272,0.0973629057407379,0.0742561370134354,0.0583827383816242,0.261716395616531,-0.706402242183685,0.240641191601753,-0.969019651412964,1
-0.529890477657318,-1,1,0.998953580856323,0.315131068229675,0.974351942539215,0.412901043891907,-0.0402996465563774,0.647493243217468,0.0467901714146137,-0.29281023144722,-0.620079576969147,-0.241283684968948,0.649653494358063,-0.486632138490677,0.631375670433044,-0.0791971161961555,-0.618257522583008
0.0498604960739613,-1,-1,-0.999920845031738,0.143957123160362,0.438772648572922,0.157203495502472,0.165874153375626,0.336618959903717,0.163487449288368,0.10455134510994,-0.193637609481812,0.105775818228722,-0.214894101023674,-0.612215280532837,-0.204465851187706,-0.887061536312103,-1
-0.634974658489227,-1,-0.999999821186066,-0.999998807907104,0.349637746810913,-0.276776343584061,0.319779485464096,-0.137800365686417,0.049466609954834,-0.121979005634785,0.144477963447571,-0.260959655046463,0.124632500112057,0.0984718278050423,-0.799372315406799,0.113029330968857,-0.882595181465149,0.9991774559021
-0.304899364709854,-1,-1,-0.999950349330902,0.685154616832733,-0.253667175769806,0.68895298242569,-0.182143375277519,0.0782435461878777,-0.186004385352135,-0.179737448692322,-0.187309741973877,-0.184155374765396,-0.0429828986525536,-0.397911757230759,-0.0108538875356317,-0.794572114944458,-1
-0.453717410564423,-1,-0.99999988079071,-0.999960899353027,0.0335543379187584,0.0713141709566116,0.0163666252046824,-0.444157183170319,0.0806118473410606,-0.444114476442337,0.0955396592617035,0.251813560724258,0.0809476375579834,0.113070994615555,-0.586890876293182,0.147828042507172,-0.860804617404938,-1
0.524016201496124,-0.99999988079071,-1,-0.99966037273407,0.197658494114876,0.346011996269226,0.211854264140129,0.220101326704025,0.201188027858734,0.215456992387772,0.168703690171242,-0.172029629349709,0.170410305261612,0.0630430430173874,-0.775648772716522,0.075164757668972,-0.923315644264221,-1
0.263516366481781,-0.999994397163391,-1,-0.999479413032532,-0.122631408274174,0.210658565163612,-0.122138388454914,0.196675643324852,0.397531658411026,0.194509238004684,0.010816284455359,0.105995029211044,0.0140609880909324,0.168962985277176,-0.442133188247681,0.17847503721714,-0.927762746810913,-1
-0.0501806847751141,-0.999984800815582,-0.999999701976776,-0.99968010187149,0.267718076705933,0.0141443107277155,0.270589143037796,-0.00632941070944071,-0.0858734026551247,-0.00512788398191333,-0.418837130069733,-0.221802830696106,-0.420076787471771,-0.12452244758606,-0.304547220468521,-0.113774038851261,-0.418639957904816,-0.999956607818604
-0.242856740951538,-1,-1,-0.999972522258759,0.0997277870774269,0.49314683675766,0.104817979037762,-0.0939176604151726,-0.120659030973911,-0.0892148315906525,-0.0239710863679647,0.179381936788559,-0.0331139415502548,0.423829555511475,-0.694385766983032,0.441191613674164,-0.912452757358551,-0.999998927116394
-0.390215188264847,-0.99999988079071,-1,-0.99996143579483,0.213053971529007,0.263536334037781,0.210982039570808,-0.316814124584198,0.11482360959053,-0.313548922538757,-0.454831689596176,-0.625537216663361,-0.46303579211235,-0.148437157273293,-0.594686448574066,-0.130980312824249,-0.494022965431213,-0.999790489673615
-0.270432978868484,-0.999990105628967,-1,-0.99979829788208,0.0913055017590523,0.270361363887787,0.0942553952336311,-0.0172827057540417,0.541834950447083,-0.027582336217165,-0.261459141969681,0.0840190276503563,-0.259016871452332,-0.247147798538208,-0.166477739810944,-0.23127181828022,-0.93758499622345,-1
-0.151686891913414,1,0.99999988079071,0.173169583082199,-0.319291561841965,0.124261982738972,-0.308501183986664,0.410163581371307,0.234324425458908,0.402370125055313,-0.3576280772686,0.0420072004199028,-0.337002962827682,0.351829618215561,-0.522378087043762,0.332328081130981,-0.866552472114563,-0.969827115535736
-0.349542081356049,1,-0.999999105930328,-0.997883319854736,-0.0335963182151318,-0.182127878069878,-0.0219597388058901,-0.216474503278732,-0.0135851930826902,-0.195786997675896,-0.361627399921417,0.593097031116486,-0.360417485237122,0.287960797548294,-0.950798749923706,0.216732621192932,-0.308680266141891,1
-0.33161473274231,-0.999999463558197,1,0.699187755584717,0.141524717211723,0.875492751598358,0.207821637392044,0.229629069566727,0.267321050167084,0.288732916116714,-0.0336400978267193,-0.467671245336533,-0.00210815132595599,-0.0204551480710506,-0.414503544569016,-0.0303934756666422,-0.7368084192276,-0.999976575374603
0.101221017539501,-0.999972820281982,-0.867487013339996,-0.959676682949066,0.0145776635035872,0.32392030954361,0.0202050041407347,0.254920870065689,0.53584748506546,0.245893582701683,-0.0146859586238861,-0.106663003563881,-0.000602396030444652,0.0804446414113045,-0.49688521027565,0.0876073315739632,-0.857283294200897,-1
0.396067380905151,-0.999466121196747,-0.764126121997833,-0.89409214258194,-0.286093354225159,0.0567813664674759,-0.288833945989609,-0.248564466834068,0.125814735889435,-0.254975914955139,-0.135220274329185,-0.416975766420364,-0.1199641674757,-0.0458777025341988,-0.685328006744385,-0.0535962767899036,-0.628433465957642,-0.999756813049316
-0.419986844062805,-1,-0.999999821186066,-0.999767243862152,-0.0793314352631569,0.174016058444977,-0.083299808204174,0.10255105048418,-0.00874105095863342,0.10766413807869,0.298511356115341,-0.0427704676985741,0.284193128347397,0.015260242857039,-0.656837940216064,0.0354062989354134,-0.141897916793823,-1
-0.247317671775818,-0.99997478723526,-0.999999940395355,-0.999370992183685,-0.482639819383621,0.429123371839523,-0.476822882890701,0.690033972263336,-0.00618977285921574,0.68461000919342,0.00955655239522457,0.102925553917885,-0.00697508826851845,-0.175698667764664,-0.380459308624268,-0.161981284618378,-0.341467767953873,-1
-0.667217493057251,-1,-0.999999940395355,-0.999970257282257,-0.183348804712296,0.158370196819305,-0.190413653850555,-0.342008292675018,0.0874866992235184,-0.343414783477783,0.388793021440506,0.257683128118515,0.379481047391891,0.139022797346115,-0.759514510631561,0.169941842556,-0.899761974811554,-1
-0.304377675056458,-1,-1,-0.99996954202652,0.0595657974481583,0.585905075073242,0.0732049643993378,0.104516364634037,0.0825018510222435,0.105149738490582,-0.192053884267807,0.287252157926559,-0.204301312565804,0.236812263727188,-0.762377738952637,0.263777434825897,-0.75452196598053,-1
-0.104776196181774,-0.99986320734024,-1,-0.999790847301483,0.40363273024559,0.297952592372894,0.404213339090347,-0.0512484312057495,0.610606968402863,-0.0675089284777641,-0.152682721614838,-0.0530310943722725,-0.145037636160851,-0.395542204380035,-0.220988735556602,-0.379526913166046,-0.991437613964081,-1
-0.035487312823534,-1,-1,-0.999790370464325,0.368210136890411,0.370209902524948,0.380651623010635,0.466605007648468,0.217302173376083,0.460460007190704,-0.420490801334381,0.305900186300278,-0.421029597520828,-0.175188973546028,-0.774933874607086,-0.155674710869789,-0.518018960952759,-1
0.724347531795502,-0.999962091445923,0.999999821186066,0.404415249824524,-0.0292002782225609,0.27849218249321,-0.0145090939477086,0.185474172234535,-0.0187184251844883,0.173287153244019,-0.0974895358085632,-0.236238032579422,-0.0780009403824806,-0.0462272763252258,-0.523126363754272,-0.0434938557446003,-0.771988093852997,-0.999999701976776
-0.673238277435303,-1,-1,-0.999995648860931,0.255549520254135,0.259854197502136,0.265291064977646,0.381830543279648,0.0364692881703377,0.384002983570099,-0.266421139240265,-0.176193237304688,-0.268210232257843,0.0985395982861519,-0.869933426380157,0.114817023277283,-0.86634373664856,-0.999860465526581
0.117781974375248,-0.999990940093994,1,0.274829775094986,0.183984354138374,0.2489363104105,0.203027069568634,0.0850682184100151,0.283414274454117,0.115819625556469,0.16288560628891,-0.180531576275826,0.186506688594818,-0.00516581954434514,-0.142491698265076,-0.00346570136025548,-0.745272576808929,-0.999980747699738
-0.179272249341011,-0.999999761581421,-1,-0.999831914901733,-0.0955937057733536,0.134580790996552,-0.086396187543869,0.410502463579178,0.305651217699051,0.408527761697769,-0.317760229110718,-0.207542404532433,-0.320677816867828,0.0231295470148325,-0.298447221517563,0.0380088426172733,-0.58069920539856,-1
-0.849412858486176,-1,-1,-1,-0.0112012168392539,-0.156212583184242,-0.039337083697319,-0.500313520431519,-0.0189586635679007,-0.491389334201813,-0.00202312041074038,-0.412952333688736,-0.0140786711126566,-0.0242946650832891,-0.933314144611359,0.00106930686160922,-0.990121960639954,-0.953565120697021
0.485592663288116,-0.999999940395355,-1,-0.999557495117188,-0.0833603665232658,0.364436954259872,-0.0829812809824944,-0.327276259660721,0.0692656189203262,-0.317886114120483,0.355556070804596,0.110954560339451,0.351681798696518,0.495328933000565,-0.569431126117706,0.501927077770233,-0.685366928577423,-1
-0.622860729694366,-1,-0.99999988079071,-0.99999076128006,0.122513025999069,-0.141609653830528,0.111623160541058,0.216215640306473,-0.301022052764893,0.228117316961288,-0.316624373197556,-0.329228520393372,-0.330575793981552,0.435595512390137,-0.684888601303101,0.446832627058029,-0.443632453680038,-0.333461940288544
0.492748707532883,-0.999966084957123,-1,-0.999606251716614,-0.209935739636421,0.302111715078354,-0.209522947669029,-0.183704018592834,0.248971149325371,-0.180579707026482,0.249817237257957,-0.439647018909454,0.25114917755127,0.091105580329895,-0.366488069295883,0.0917046517133713,-0.892277121543884,-0.999999821186066
-0.450031816959381,-1,-0.999999582767487,-0.999621272087097,-0.259458839893341,0.0930043011903763,-0.268274873495102,0.228878065943718,-0.121362574398518,0.227281376719475,0.35149472951889,0.149615928530693,0.337150663137436,0.195554167032242,-0.406939178705215,0.217899516224861,-0.39320632815361,-1
-0.373062551021576,-0.99999988079071,-1,-0.999724507331848,-0.259137064218521,0.272208660840988,-0.255832552909851,0.347944885492325,0.421666234731674,0.340417623519897,-0.499787330627441,0.151721179485321,-0.501777768135071,-0.0648148730397224,-0.304347366094589,-0.04899001121521,-0.378412485122681,-1
-0.784315347671509,-1,1,0.208219483494759,-0.0219936314970255,0.623410582542419,0.029905779287219,0.27861875295639,0.303300142288208,0.313252776861191,-0.0907862484455109,-0.254750370979309,-0.0535772666335106,-0.0237618237733841,-0.804272055625916,-0.0356583148241043,-0.300864160060883,-0.999707221984863
-0.587649464607239,-1,-1,-0.999982893466949,-0.43855544924736,0.250785559415817,-0.443847119808197,0.116361781954765,-0.276394069194794,0.109305769205093,-0.0915806218981743,-0.126885563135147,-0.101736977696419,0.229269370436668,-0.700533449649811,0.247062638401985,-0.951089799404144,-0.999999403953552
-0.536440253257751,-1,-1,-0.999816596508026,-0.465387880802155,0.383827596902847,-0.459846347570419,0.116267569363117,0.310422956943512,0.113983206450939,-0.132450103759766,0.326813995838165,-0.122579462826252,-0.0208014771342278,-0.746253788471222,-0.023762671276927,-0.83938068151474,-1
-0.433503866195679,-1,-1,-0.999974966049194,-0.0985629558563232,0.603447258472443,-0.0798077955842018,0.461420834064484,-0.225822761654854,0.459335774183273,-0.363140344619751,-0.0399311743676662,-0.371695995330811,0.188131794333458,-0.744229972362518,0.205314263701439,-0.859650433063507,-0.999999821186066
-0.441843956708908,-1,-0.99999988079071,-0.999474823474884,0.166719868779182,0.0125981662422419,0.1709363758564,0.320835441350937,0.522165834903717,0.313810408115387,-0.274950116872787,-0.13792285323143,-0.271289795637131,0.455543220043182,-0.521687686443329,0.469061255455017,-0.136070236563683,-0.99999988079071
-0.121002078056335,-1,-1,-0.999981760978699,-0.0823808610439301,0.0628169700503349,-0.0711918100714684,0.271390527486801,-0.0794237107038498,0.267636507749557,-0.0395192168653011,-0.010063610970974,-0.0443922057747841,-0.0167893208563328,-0.680382609367371,-0.00190383684821427,-0.948884069919586,-1
0.236849755048752,-0.999999642372131,-1,-0.99895852804184,-0.458491295576096,0.309164315462112,-0.463224828243256,-0.266293495893478,0.380928218364716,-0.266127049922943,0.199071049690247,0.0467475689947605,0.205123424530029,0.226669639348984,-0.603598535060883,0.224266573786736,-0.795903503894806,-0.999999344348907
-0.402527809143066,-0.999999821186066,1,0.407090961933136,-0.49066561460495,0.280437499284744,-0.475005209445953,0.194756165146828,0.414157658815384,0.179681316018105,-0.254187047481537,-0.455000787973404,-0.219408005475998,0.152215361595154,-0.826468229293823,0.136588275432587,-0.610306799411774,-0.999945938587189
0.168812483549118,-0.999998807907104,1,0.171037003397942,-0.0888544023036957,0.120309375226498,-0.0720423981547356,-0.0375505201518536,0.156374678015709,-0.0224859341979027,-0.0328909829258919,-0.131108552217484,-0.00800550542771816,-0.291103392839432,-0.444803178310394,-0.291776865720749,-0.845284044742584,-0.999999821186066
-0.535149037837982,-1,-0.999999940395355,-0.999999046325684,0.444446533918381,0.448439002037048,0.443743824958801,-0.268633216619492,0.111928060650826,-0.25494322180748,-0.375757187604904,0.06655602902174,-0.388682663440704,0.107899539172649,-0.89318722486496,0.133393332362175,-0.90826803445816,-0.986350297927856
-0.129712134599686,-1,-0.999999940395355,-0.999820291996002,0.17280650138855,0.432787656784058,0.18878062069416,0.471953541040421,0.0270215608179569,0.4724982380867,-0.366003751754761,0.0900995135307312,-0.374003082513809,-0.00851279124617577,-0.481449276208878,0.0123508451506495,-0.193553447723389,-1
-0.561323285102844,-1,-0.999997615814209,-0.999237179756165,0.253085196018219,-0.229641884565353,0.242060452699661,0.237365141510963,0.378415495157242,0.235232934355736,-0.0533210337162018,0.170822605490685,-0.0449071153998375,0.344081848859787,-0.46589931845665,0.34679988026619,-0.202801302075386,-0.113884262740612
-0.210618004202843,-0.999999821186066,-0.999999642372131,-0.999722599983215,0.0114824371412396,0.369711101055145,0.0176128353923559,0.144269004464149,-0.0254783872514963,0.148955658078194,-0.173992350697517,-0.0590716451406479,-0.187033429741859,-0.010799671523273,-0.552289366722107,0.00747941760346293,-0.125732392072678,-1
-0.40756693482399,-1,-0.999999761581421,-0.999915719032288,-0.42286679148674,0.120865553617477,-0.433804422616959,-0.181047797203064,0.240513011813164,-0.166709557175636,0.217308342456818,-0.365369468927383,0.210411310195923,0.0398775972425938,-0.605365633964539,0.0430694594979286,-0.378657609224319,-0.999993503093719
-0.334016442298889,-1,-1,-0.999983847141266,0.288863658905029,0.664816200733185,0.311691522598267,0.198560655117035,-0.0106511097401381,0.202130660414696,-0.468403309583664,0.0745904818177223,-0.474013656377792,0.0605661757290363,-0.807993710041046,0.0824803858995438,-0.790304601192474,-1
-0.695257306098938,-1,-1,-0.999970018863678,-0.054787065833807,0.0721913799643517,-0.0459238886833191,0.323639273643494,0.119341634213924,0.320030033588409,-0.0164843909442425,0.226383209228516,-0.0186437033116817,0.0890905484557152,-0.712306559085846,0.10455609858036,-0.806992053985596,-1
-0.609513342380524,-1,-0.999999701976776,-0.999967217445374,-0.00610491447150707,0.15714693069458,0.00245890906080604,0.429103285074234,-0.0457707345485687,0.43172088265419,-0.0518131144344807,-0.151280254125595,-0.0584565103054047,0.410139948129654,-0.792174518108368,0.426897048950195,-0.73159247636795,-1
0.29555070400238,-0.999993681907654,-0.999992728233337,-0.999058961868286,-0.106444388628006,0.160817891359329,-0.111325591802597,0.0539842173457146,-0.245449051260948,0.0660595744848251,0.145856350660324,0.0218572691082954,0.130357190966606,0.443658471107483,0.205662623047829,0.456310302019119,0.0561520829796791,-0.999999701976776
-0.0706355944275856,-0.999874711036682,-0.999998450279236,-0.999260663986206,-0.185776397585869,0.184596732258797,-0.188396692276001,0.256013780832291,-0.124077916145325,0.259470462799072,0.10074819624424,-0.151680305600166,0.0866895169019699,-0.114854149520397,-0.11278210580349,-0.104659475386143,-0.0402008295059204,-0.99999988079071
-0.115977354347706,-0.999994933605194,-1,-0.999920904636383,0.066357247531414,0.538465321063995,0.0828211158514023,0.0274984780699015,0.0719117671251297,0.0204792898148298,-0.362912476062775,-0.270165145397186,-0.365763366222382,-0.177522018551826,0.127372488379478,-0.163386002182961,-0.899009823799133,-1
-0.894249022006989,-1,1,0.453531622886658,-0.445065915584564,-0.252398401498795,-0.42555844783783,0.557767331600189,0.326145529747009,0.557922780513763,-0.0669908076524734,-0.574692606925964,-0.0273528322577477,-0.109750173985958,-0.734643757343292,-0.122968263924122,-0.62442809343338,-0.999999225139618
0.244017139077187,-1,-0.999999821186066,-0.99966835975647,0.25663948059082,0.407002657651901,0.261429607868195,-0.228253737092018,0.401382863521576,-0.222788631916046,-0.135244026780128,0.323588520288467,-0.141066372394562,-0.0555891469120979,-0.70934784412384,-0.0348518341779709,-0.424143463373184,-1
0.339503765106201,-1,-1,-0.999499320983887,-0.13041165471077,0.221605971455574,-0.131862744688988,0.0685675516724586,-0.000577315513510257,0.0727999582886696,0.459192901849747,0.297934144735336,0.45534211397171,0.122843809425831,-0.696203768253326,0.131675973534584,-0.771036088466644,-1
0.0201960392296314,-1,-1,-0.999760031700134,-0.171807184815407,0.114453487098217,-0.172916978597641,0.000803190981969237,0.455713868141174,-0.00484720524400473,0.153310224413872,-0.101098284125328,0.157094269990921,0.232241272926331,-0.620422303676605,0.240879237651825,-0.843163311481476,-1
0.103427082300186,1,1,0.324093282222748,0.34491753578186,0.174183428287506,0.365641385316849,0.1161018460989,-0.021265784278512,0.12176064401865,0.0412853062152863,0.142733231186867,0.0632467344403267,0.148459509015083,-0.757284700870514,0.112692140042782,-0.825856804847717,0.999679565429688
-0.546131134033203,-1,1,0.491059601306915,-0.180263698101044,0.20512866973877,-0.151796445250511,0.558501839637756,0.114855617284775,0.574101865291595,0.0858479514718056,-0.118625320494175,0.115991562604904,0.0097627155482769,-0.555952310562134,0.00501495413482189,-0.806665539741516,-0.999999642372131
-0.426639199256897,-1,-0.999998807907104,-0.999822318553925,-0.204960569739342,0.122515670955181,-0.212315157055855,0.264040589332581,-0.189246982336044,0.265101760625839,-0.289783239364624,0.0376330725848675,-0.30179500579834,0.370606899261475,-0.452710658311844,0.388143211603165,-0.416182428598404,-0.999993741512299
-0.0837043970823288,-0.999990105628967,-0.999999284744263,-0.99994683265686,0.492424964904785,0.0123562589287758,0.481903851032257,0.220712646842003,-0.238882496953011,0.23271219432354,0.290430963039398,-0.00924562755972147,0.275556534528732,0.0545210279524326,-0.432832598686218,0.0533186011016369,-0.334372222423553,0.999970495700836
-0.07463139295578,-1,-1,-0.999953925609589,-0.0223921854048967,0.175379768013954,-0.00433044135570526,0.617858350276947,-0.165107429027557,0.618513882160187,-0.0800282135605812,0.102112680673599,-0.0873593688011169,0.132690340280533,-0.828363537788391,0.148670017719269,-0.71402633190155,-1
-0.70239794254303,-1,-1,-0.999984502792358,-0.151469886302948,0.230900332331657,-0.148738533258438,0.201731458306313,-0.319280862808228,0.198731660842896,-0.426103442907333,-0.0922684520483017,-0.431220948696136,0.0534309707581997,-0.732346773147583,0.0702483579516411,-0.909973561763763,-0.999996840953827
-0.426058381795883,-1,-1,-0.999954700469971,0.329297930002213,0.626544833183289,0.336061805486679,-0.213664203882217,0.560594379901886,-0.209493562579155,-0.0919695347547531,-0.0693728476762772,-0.0978436097502708,-0.0894268453121185,-0.56223863363266,-0.07051782310009,-0.446783840656281,-0.999993324279785
-0.0168261919170618,-0.999974370002747,-0.999998807907104,-0.999069511890411,0.438809961080551,-0.0611767433583736,0.429428845643997,0.159634009003639,-0.157411441206932,0.161737740039825,0.365225225687027,0.48130476474762,0.364488363265991,-0.477925479412079,-0.445614546537399,-0.470820724964142,-0.741067230701447,-0.992535054683685
-0.126899391412735,-1,-1,-0.999946594238281,0.0490750037133694,0.584982752799988,0.0721825808286667,0.419167339801788,0.154749140143394,0.415991008281708,-0.26281601190567,-0.246351420879364,-0.266450017690659,-0.0651552826166153,-0.361383140087128,-0.0503540113568306,-0.809250295162201,-1
-0.110743835568428,-0.999999463558197,-0.99999988079071,-0.999299943447113,-0.263240844011307,0.264305680990219,-0.263436794281006,0.0787511169910431,-0.194505766034126,0.0737423449754715,-0.202696770429611,-0.085109606385231,-0.213963687419891,0.203642815351486,0.14549233019352,0.220508873462677,-0.503282427787781,-1
-0.6279576420784,-1,-0.999999523162842,-0.999796986579895,0.0393436327576637,0.142028898000717,0.0267071183770895,-0.20133076608181,0.652881026268005,-0.204523339867592,-0.0960612893104553,-0.252935707569122,-0.100442260503769,-0.225857108831406,-0.0745769888162613,-0.203839600086212,-0.244448021054268,-0.999999821186066
0.0378666073083878,-1,-1,-0.999953806400299,-0.182207256555557,-0.147374927997589,-0.188449487090111,0.197712019085884,-0.21380090713501,0.205419525504112,0.298789322376251,-0.246104195713997,0.287318557500839,0.0489620305597782,-0.655915915966034,0.0595847405493259,-0.703740000724792,-1
0.163663893938065,-1,-0.999999940395355,-0.999808788299561,0.28703510761261,0.495100557804108,0.298816412687302,0.181385710835457,0.178874507546425,0.18392787873745,-0.362576276063919,0.133133292198181,-0.375106275081635,0.0210340954363346,-0.494440883398056,0.0494452603161335,-0.0786776393651962,-1
-0.345496147871017,-0.9999880194664,-1,-0.999898910522461,-0.33412179350853,0.206232219934464,-0.333502292633057,0.380167335271835,0.486025989055634,0.362892717123032,-0.526761531829834,-0.010777810588479,-0.525893747806549,-0.0687305554747581,0.129330277442932,-0.0519561916589737,-0.962831914424896,-1
-0.0972313210368156,-1,-1,-0.999974370002747,0.253584712743759,0.523876130580902,0.266386836767197,0.118633426725864,0.201165527105331,0.12709666788578,0.29549252986908,-0.110311515629292,0.283020913600922,0.0395309031009674,-0.742741584777832,0.0618745870888233,-0.651211559772491,-1
-0.284307450056076,-1,-0.999987483024597,-0.999998688697815,0.741557955741882,0.167389556765556,0.729838311672211,0.0599254369735718,0.401317059993744,0.0747549533843994,0.218338117003441,0.044137254357338,0.197293132543564,-0.140002027153969,-0.417047262191772,-0.142479628324509,-0.779077231884003,1
-0.0926454141736031,-1,-1,-0.99986058473587,0.119285523891449,0.240375056862831,0.125924289226532,0.0520856976509094,0.475302696228027,0.0496339127421379,0.0181023050099611,-0.286796092987061,0.0216094274073839,-0.056514635682106,-0.472105860710144,-0.0445686765015125,-0.779582440853119,-1
-0.411960452795029,-1,-0.999999821186066,-0.999898910522461,0.325084924697876,0.0681546628475189,0.32020229101181,-0.158658266067505,0.48618945479393,-0.154688999056816,0.286749988794327,-0.402743577957153,0.276563405990601,-0.171768218278885,-0.413203209638596,-0.148619294166565,-0.260496407747269,-1
-0.264216601848602,-0.99999988079071,-1,-0.999966859817505,0.144291952252388,0.386965662240982,0.153542011976242,0.23720870912075,-0.423667877912521,0.237722933292389,-0.561517417430878,0.149127244949341,-0.567877113819122,-0.134619787335396,-0.190811842679977,-0.117108292877674,-0.776116847991943,-0.999885082244873
-0.345450460910797,-1,-0.99999988079071,-0.99991363286972,0.119583152234554,-0.0899810418486595,0.120878182351589,-0.0252367407083511,-0.0325917452573776,-0.0170061197131872,0.282629311084747,-0.238329842686653,0.274059057235718,-0.142365157604218,-0.548392117023468,-0.127898544073105,-0.572353661060333,-1
-0.118467018008232,1,-1,-0.999841570854187,0.0462196543812752,0.432664185762405,0.065175361931324,-0.10133358091116,0.0318923853337765,-0.0968010127544403,0.333245396614075,-0.207725316286087,0.329521000385284,0.0686323866248131,-0.594736039638519,0.053942084312439,-0.900992155075073,-0.999250411987305
0.190014436841011,-1,-1,-0.999627709388733,0.41968634724617,0.528767287731171,0.431274175643921,0.129177421331406,0.34963846206665,0.125911071896553,-0.453291773796082,0.363552033901215,-0.458602100610733,0.32461816072464,-0.639397144317627,0.349571228027344,-0.168714210391045,-1
0.126773431897163,-1,-1,-0.999319493770599,0.207050949335098,0.69700813293457,0.219132259488106,0.0400118120014668,0.526239693164825,0.0333491340279579,0.00411673495545983,0.458018600940704,0.000838281295727938,0.258129686117172,-0.840779304504395,0.278717666864395,-0.533094108104706,-1
-0.245544523000717,1,1,0.414660930633545,0.334822833538055,0.492035776376724,0.388407170772552,0.257475256919861,0.167316615581512,0.297008484601974,0.170321390032768,-0.489145040512085,0.199024140834808,0.338277816772461,-0.66895604133606,0.313876897096634,-0.541556119918823,-0.945318400859833
0.178010329604149,-1,-0.999860823154449,-0.974774539470673,-0.167143568396568,0.213431715965271,-0.16018258035183,0.444247126579285,0.091383695602417,0.425681263208389,0.366585850715637,0.0188098344951868,0.370779037475586,0.135865539312363,-0.605401873588562,0.150609165430069,-0.918940126895905,-1
0.367768585681915,-0.999999284744263,-1,-0.999824345111847,0.0455549396574497,0.604898810386658,0.040673952549696,-0.338571012020111,0.406216949224472,-0.333899021148682,0.202781096100807,-0.0463782288134098,0.185152232646942,-0.2975914478302,-0.182412132620811,-0.277513533830643,-0.388385117053986,-1
-0.209887161850929,-0.99999988079071,-0.999999642372131,-0.999562621116638,-0.33571919798851,-0.0613374523818493,-0.348009586334229,0.0673664063215256,-0.203071936964989,0.0738573968410492,0.141385421156883,-0.200059533119202,0.123612850904465,0.474933177232742,-0.29735067486763,0.488440841436386,0.0289948303252459,-1
-0.481890827417374,-1,-1,-0.999977231025696,0.195957660675049,-0.0611034147441387,0.206212908029556,0.00427077291533351,-0.0724704042077065,-0.00533119356259704,-0.301666408777237,-0.404570311307907,-0.304993271827698,0.215379431843758,0.00578131014481187,0.236459895968437,-0.909302473068237,-1
0.622340083122253,-0.999996483325958,-0.999998807907104,-0.998453915119171,0.231542482972145,0.0893237069249153,0.236356109380722,-0.147430583834648,0.132733702659607,-0.146632611751556,0.130254939198494,-0.136086344718933,0.137925148010254,0.0578131601214409,-0.640825867652893,0.0642149895429611,-0.909607291221619,-1
-0.455597311258316,-1,-0.999999821186066,-0.999852538108826,0.106740444898605,0.041748184710741,0.111259378492832,0.404398322105408,0.2902552485466,0.399156510829926,-0.353226393461227,0.0298025049269199,-0.361772894859314,0.137570858001709,-0.240754216909409,0.165195122361183,-0.131856292486191,-1
-0.158928483724594,-0.999995708465576,-1,-0.999890625476837,-0.323227316141129,0.0967420563101768,-0.323369294404984,0.122591644525528,0.0296079348772764,0.122728526592255,-0.361201226711273,-0.609286487102509,-0.360327273607254,-0.173168897628784,-0.91727352142334,-0.178606644272804,-0.617877542972565,-0.999298095703125
0.075385183095932,-1,-1,-0.999809980392456,0.0327339880168438,0.56087988615036,0.0442593470215797,0.28457298874855,0.0983907803893089,0.275777816772461,0.0372715033590794,0.21053621172905,0.0363171398639679,-0.105990961194038,-0.820589125156403,-0.0929985418915749,-0.871306777000427,-0.99999988079071
-0.192057549953461,-0.999915480613708,1,0.356180936098099,0.148193255066872,0.0515535175800323,0.152865543961525,0.589177370071411,0.0669917166233063,0.593213081359863,0.368815898895264,-0.404395192861557,0.376262933015823,-0.560088276863098,-0.370523303747177,-0.550304412841797,-0.825322985649109,-0.99999988079071
-0.247098788619041,-1,-1,-0.999529480934143,0.0425187237560749,0.312824994325638,0.0471225194633007,0.155774816870689,0.6315997838974,0.148753374814987,0.108095981180668,-0.102729231119156,0.110775209963322,0.362406641244888,-0.593142926692963,0.376213222742081,-0.538943827152252,-1
-0.161634027957916,-0.999998927116394,-0.999999165534973,-0.999374628067017,0.177510410547256,0.534586310386658,0.18403035402298,-0.380784749984741,0.315155386924744,-0.384366273880005,-0.595641493797302,0.0364112854003906,-0.597205758094788,-0.435991406440735,0.0683967918157578,-0.420186340808868,-0.469167172908783,-0.999999821186066
-0.0359669178724289,-0.999998331069946,-0.99999988079071,-0.99997216463089,0.505156874656677,0.15997813642025,0.503426015377045,0.0547703392803669,-0.227945700287819,0.0678085684776306,-0.177780851721764,-0.389392286539078,-0.190177097916603,0.41713085770607,-0.670879602432251,0.420445710420609,-0.462491929531097,0.999617516994476
-0.475196272134781,-1,-1,-0.999983072280884,-0.395058989524841,0.444297820329666,-0.393937468528748,0.109210133552551,-0.141588687896729,0.11364072561264,2.1278856365825e-05,-0.205442532896996,-0.00689553422853351,-0.110186576843262,-0.754579305648804,-0.106734581291676,-0.898704528808594,-0.999978005886078
-0.0965287983417511,-0.999999523162842,-1,-0.999904870986938,0.393142521381378,0.365128189325333,0.407068133354187,0.398306727409363,0.308222502470016,0.382229715585709,-0.584562361240387,-0.301238209009171,-0.583944976329803,-0.417386740446091,-0.618976831436157,-0.400529980659485,-0.854646146297455,-0.999999940395355
-0.362845093011856,-1,-1,-0.999919831752777,-0.275579810142517,0.605618000030518,-0.26451787352562,0.334239602088928,0.0159153454005718,0.328937858343124,0.197789266705513,0.157655835151672,0.18320432305336,0.06158696860075,-0.558327913284302,0.0840348973870277,-0.743744194507599,-1
-0.680582940578461,-1,-1,-0.999991178512573,0.297844260931015,0.0610643960535526,0.315198600292206,0.241616562008858,0.136703982949257,0.234864041209221,-0.0960842743515968,-0.235464528203011,-0.0997117161750793,0.164759889245033,-0.49050584435463,0.188974812626839,-0.898724377155304,-1
0.0269204955548048,0.997846484184265,-1,-0.999805569648743,-0.256639838218689,0.404427200555801,-0.250894814729691,0.45819091796875,0.0679218396544456,0.457134902477264,-0.00366943841800094,-0.282804369926453,-0.017783135175705,0.344522386789322,-0.151964381337166,0.349623382091522,-0.779696643352509,-0.999999642372131
-0.517313659191132,-1,-1,-0.999965906143188,-0.41267067193985,-0.332213968038559,-0.418552279472351,0.519167900085449,0.153747618198395,0.523460626602173,0.323906660079956,-0.167044207453728,0.317145437002182,-0.133762329816818,-0.903644442558289,-0.129576280713081,-0.445310354232788,-1
-0.0147124277427793,-1,-1,-0.999834537506104,0.271678239107132,0.0882341489195824,0.276063978672028,0.368795096874237,0.311139643192291,0.362312078475952,-0.284132242202759,-0.500283539295197,-0.290135473012924,0.195794582366943,-0.910431921482086,0.213028118014336,-0.116251714527607,-0.999998927116394
0.254942566156387,-0.999964475631714,1,0.533439695835114,-0.487902849912643,0.729707777500153,-0.466036796569824,-0.124774999916553,0.200659841299057,-0.0902644693851471,0.379421949386597,-0.445033580064774,0.398456782102585,-0.568879783153534,-0.487988948822021,-0.584676384925842,-0.687644362449646,-0.993285477161407
0.539081215858459,-0.999998092651367,-1,-0.999753892421722,-0.197022184729576,0.225512340664864,-0.199320212006569,-0.208725228905678,-0.349858969449997,-0.199682280421257,0.26664936542511,-0.27311709523201,0.251331955194473,0.454525530338287,0.208672657608986,0.466398119926453,-0.699020683765411,-1
-0.756641328334808,-1,1,0.533571600914001,0.337906956672668,0.063814103603363,0.350676089525223,0.258514612913132,0.533541142940521,0.262400388717651,0.0104521727189422,-0.17169576883316,0.0353358387947083,-0.246469154953957,-0.529242098331451,-0.233537137508392,-0.257834553718567,-0.999998807907104
0.310782611370087,-0.999999940395355,-1,-0.999937355518341,-0.237178787589073,0.687090277671814,-0.223400413990021,0.274893999099731,0.139896124601364,0.261983305215836,0.177676200866699,-0.351046025753021,0.176799342036247,-0.224594414234161,-0.786349952220917,-0.220900997519493,-0.969230115413666,-0.999999701976776
-0.146066755056381,-1,-1,-0.999949336051941,-0.366833537817001,-0.0237383134663105,-0.35985404253006,0.2110905200243,0.291589140892029,0.197224959731102,-0.283622711896896,-0.236205562949181,-0.275867462158203,0.167243465781212,-0.584347605705261,0.173298642039299,-0.974455296993256,-1
-0.521887898445129,1,1,0.0439489893615246,0.171400517225266,0.583679854869843,0.21193265914917,0.465180635452271,0.267994046211243,0.49027281999588,0.350837022066116,0.394824057817459,0.365829110145569,-0.0217280481010675,-0.687706172466278,-0.0406689532101154,-0.556331038475037,-0.995480477809906
-0.173897072672844,-1,-1,-0.999981999397278,-0.0132988542318344,0.565015017986298,0.00524010416120291,0.350594371557236,-0.239745259284973,0.350058168172836,-0.665949881076813,-0.10368524491787,-0.672575294971466,-0.00991276279091835,-0.695196747779846,0.0104369558393955,-0.747564256191254,-0.999999821186066
-0.215087652206421,-0.999999701976776,1,0.557107865810394,-0.0957398191094398,0.445271521806717,-0.0599090121686459,0.170576870441437,0.146681606769562,0.202941089868546,-0.02035659737885,-0.121615655720234,0.0104886628687382,-0.127825498580933,-0.331219166517258,-0.134895533323288,-0.609528720378876,-0.999995768070221
-0.598558366298676,-1,-1,-0.999900698661804,-0.372710675001144,0.0484019853174686,-0.379606336355209,0.295990765094757,0.232342630624771,0.278541475534439,-0.232480674982071,-0.0346849374473095,-0.244656637310982,0.43653392791748,-0.0682633966207504,0.461670517921448,-0.760219871997833,-1
-0.590467631816864,-1,-1,-0.999781489372253,-0.162708789110184,0.15854424238205,-0.165968030691147,0.247073203325272,0.641857385635376,0.240737706422806,-0.135900363326073,0.0212792567908764,-0.138907209038734,-0.0741937831044197,-0.262435525655746,-0.0553159639239311,-0.211194977164268,-1
-0.0147662814706564,1,0.999999165534973,0.293751955032349,0.0992164388298988,0.113553516566753,0.102271258831024,0.0876860171556473,0.356486201286316,0.0820877924561501,-0.158812612295151,-0.0455989465117455,-0.140493765473366,0.338643491268158,-0.578112304210663,0.321991056203842,-0.848273634910583,0.806511521339417
-0.129466995596886,-1,-1,-0.999860048294067,-0.148980811238289,0.355582177639008,-0.150272160768509,-0.0478046163916588,0.460936009883881,-0.0445750616490841,-0.00358334113843739,0.289922922849655,-0.0125909326598048,0.059417936950922,-0.700043320655823,0.0764956772327423,-0.371164619922638,-1
-0.183064237236977,-0.999998450279236,-1,-0.999819278717041,-0.211074814200401,0.428614407777786,-0.223994955420494,-0.27108833193779,0.229101613163948,-0.272564768791199,0.136485517024994,-0.0359320156276226,0.117313593626022,-0.437434941530228,-0.232578486204147,-0.421993106603622,-0.448567539453506,-1
0.349942594766617,-0.999999523162842,-1,-0.999281883239746,0.0147256460040808,0.242209061980247,0.0197298415005207,0.0352142341434956,0.319807022809982,0.0322681032121181,-0.0692396908998489,-0.360931754112244,-0.065851055085659,0.0874061584472656,-0.769378125667572,0.0934175625443459,-0.682270586490631,-0.999999523162842
-0.17774823307991,-1,-1,-0.999976754188538,0.143710508942604,-0.0540419481694698,0.151866599917412,0.215213358402252,0.037004791200161,0.213837131857872,-0.10277745872736,-0.362811625003815,-0.111718453466892,0.307912409305573,-0.190421059727669,0.329373717308044,-0.758009731769562,-1
-0.291981250047684,-1,-1,-0.999953985214233,0.0104387579485774,0.176837995648384,0.0197314508259296,-0.171259075403214,0.294322729110718,-0.181653425097466,-0.171016961336136,0.106936223804951,-0.165023192763329,-0.294551104307175,-0.544405996799469,-0.283351391553879,-0.979167401790619,-1
-0.51256251335144,-1,-1,-0.999990940093994,0.135647267103195,-0.0654706582427025,0.144393652677536,0.129928171634674,-0.169437348842621,0.131610542535782,-0.117126919329166,-0.155987128615379,-0.124550364911556,-0.0485040992498398,-0.489003211259842,-0.0302618704736233,-0.853860318660736,-1
0.0551033802330494,-0.999997556209564,-0.99999988079071,-0.999813735485077,0.194267600774765,0.314051866531372,0.20631068944931,0.225639224052429,-0.348863005638123,0.231251254677773,0.0372717455029488,-0.116595342755318,0.0338259264826775,-0.0435325019061565,-0.584541916847229,-0.0385646186769009,-0.725026547908783,-0.999946177005768
-0.179767280817032,-0.999998509883881,1,0.337149947881699,-0.0710796937346458,0.21309107542038,-0.058807235211134,0.282448381185532,0.641046166419983,0.271609365940094,-0.125620111823082,-0.110096655786037,-0.0950339883565903,0.448818415403366,-0.351579815149307,0.451137632131577,-0.771849811077118,-0.99999988079071
0.172638922929764,-0.99999988079071,-0.99999988079071,-0.999923050403595,0.173181563615799,0.026807863265276,0.17624044418335,-0.0424637421965599,-0.111434511840343,-0.0276946257799864,0.2613485455513,-0.259380429983139,0.250772267580032,-0.0621924512088299,-0.499198079109192,-0.0485989525914192,-0.620498359203339,-1
-0.162271857261658,-1,-0.999999165534973,-0.999757468700409,-0.17719641327858,-0.0216756593436003,-0.194127842783928,-0.117705568671227,-0.129007771611214,-0.109988287091255,0.377893358469009,-0.182451173663139,0.363728553056717,0.320217192173004,-0.492280036211014,0.339463710784912,-0.452245473861694,-0.999999642372131
-0.624403059482574,-1,-1,-0.999998211860657,0.178331777453423,0.321829676628113,0.18785348534584,-0.202811643481255,0.025075925514102,-0.202256068587303,-0.453418642282486,0.215020209550858,-0.460069358348846,0.359361499547958,-0.873694658279419,0.389349818229675,-0.935233294963837,-1
0.0152509110048413,-1,-0.999999761581421,-0.999581754207611,0.070769414305687,0.0373624004423618,0.0785172954201698,0.102439917623997,0.395568907260895,0.100049704313278,-0.161040619015694,-0.117216914892197,-0.152631089091301,0.0722873285412788,-0.70524924993515,0.07963927090168,-0.81268835067749,-1
-0.0335228852927685,-0.999998152256012,-1,-0.999307572841644,0.182132333517075,0.0795154944062233,0.188700377941132,-0.0484989322721958,0.197657361626625,-0.0618463568389416,-0.693690478801727,-0.0768731310963631,-0.687997102737427,-0.525316476821899,-0.81511378288269,-0.519749045372009,-0.8124720454216,-0.999999701976776
-0.21808123588562,-0.999998688697815,1,0.221301838755608,-0.0872548967599869,0.229447737336159,-0.0633067637681961,0.0312658026814461,0.260370641946793,0.0498082265257835,-0.0649746209383011,-0.320574462413788,-0.0307697616517544,-0.178113594651222,-0.67718893289566,-0.18993416428566,-0.723018646240234,-0.996500730514526
-0.58190256357193,-1,-1,-0.999991297721863,-0.0967750549316406,0.0664926767349243,-0.0866927653551102,0.373364061117172,-0.0923641845583916,0.381475448608398,0.0825585499405861,-0.391497284173965,0.076426275074482,0.242334604263306,-0.869516730308533,0.250218212604523,-0.767059504985809,-1
0.09539595246315,-0.999999523162842,-1,-0.999910354614258,0.762620806694031,0.194443970918655,0.765855371952057,0.276291489601135,-0.284951686859131,0.279539078474045,0.189933359622955,0.266641110181808,0.178088366985321,0.0136283282190561,-0.538361728191376,0.0336221493780613,-0.522130191326141,-0.939814925193787
-0.515293121337891,-1,-1,-0.999860942363739,-0.159307062625885,0.383026272058487,-0.152062684297562,0.283703565597534,-0.13199120759964,0.279302299022675,0.436131238937378,-0.132205843925476,0.425720363855362,0.040266428142786,-0.376680731773376,0.0588295981287956,-0.690182566642761,-1
0.326587736606598,-1,-1,-0.999943256378174,0.393439710140228,0.037439938634634,0.40115413069725,0.207516893744469,-0.134739845991135,0.211784929037094,0.33347749710083,0.207375779747963,0.32743102312088,-0.207935944199562,-0.764012455940247,-0.188584819436073,-0.895865857601166,-1
-0.490673989057541,-1,-1,-0.999944686889648,-0.0456234291195869,-0.292309790849686,-0.0451371297240257,0.257401973009109,0.125387668609619,0.258469611406326,-0.0656267404556274,-0.0293627623468637,-0.0677328333258629,0.290548831224442,-0.625243484973907,0.304376751184464,-0.601933300495148,-1
-0.126518413424492,-0.999994814395905,1,-0.154367282986641,0.192742571234703,0.798346698284149,0.24534809589386,-0.0718130543828011,0.36958521604538,-0.00850567501038313,-0.138273671269417,-0.301590591669083,-0.108322285115719,-0.0359735079109669,-0.0711550638079643,-0.0454096011817455,-0.738543093204498,-0.999704897403717
-0.0491149090230465,-1,-1,-0.999832630157471,-0.260580658912659,0.765411615371704,-0.241903021931648,0.487722158432007,-0.00910420715808868,0.484807342290878,-0.26637214422226,0.232082307338715,-0.281209766864777,-0.0606656409800053,-0.562951743602753,-0.041381474584341,-0.557511746883392,-1
0.153976157307625,-1,-0.999968469142914,-0.992512762546539,0.0648449286818504,0.251553028821945,0.0737529844045639,0.346783518791199,0.345681011676788,0.335980921983719,0.2104761749506,-0.0323543958365917,0.219458967447281,0.103954717516899,-0.746966361999512,0.113239668309689,-0.809943795204163,-1
-0.57920515537262,-1,-1,-0.999963521957397,-0.223583921790123,-0.193009078502655,-0.237687587738037,-0.0889056250452995,-0.155083835124969,-0.0922207236289978,0.48829647898674,-0.206182762980461,0.47915318608284,0.314032077789307,-0.431123167276382,0.338584423065186,-0.862178564071655,-1
-0.113208800554276,-1,-1,-0.99890011548996,0.422597348690033,0.270319730043411,0.418520003557205,0.0351986363530159,0.689154148101807,0.0257309824228287,0.366609215736389,0.094720833003521,0.363550782203674,0.290670961141586,-0.454070687294006,0.315731465816498,-0.207155451178551,-0.999999821186066
-0.131086707115173,-1,-1,-0.999978244304657,-0.0681037604808807,0.415423005819321,-0.0589131489396095,0.610020458698273,0.302942216396332,0.60872757434845,0.264048725366592,0.482047647237778,0.246493428945541,-0.0915834233164787,-0.740678131580353,-0.0612792037427425,-0.689359366893768,-1
0.210419416427612,-0.999992251396179,0.999992728233337,0.191173285245895,-0.32609811425209,0.376852631568909,-0.313098341226578,0.0441605262458324,0.157870754599571,0.0284836515784264,-0.363635987043381,-0.0550710745155811,-0.33887991309166,0.00961062218993902,-0.718609809875488,0.00135921966284513,-0.677338540554047,-0.999979794025421
-0.106553852558136,1,1,0.269159823656082,0.0733157843351364,0.281879842281342,0.101983390748501,0.511683702468872,0.0255380272865295,0.520848333835602,0.394307732582092,-0.445491462945938,0.405496031045914,-0.488051533699036,-0.756138563156128,-0.502103984355927,-0.864127337932587,-0.998535394668579
0.263579100370407,-1,-0.999958574771881,-0.991283535957336,0.0410409197211266,0.137445107102394,0.0588453412055969,0.541979253292084,0.0100617585703731,0.52372008562088,-0.0502861477434635,-0.071045882999897,-0.039264228194952,-0.00927261263132095,-0.632382333278656,0.00628656148910522,-0.97951203584671,-1
-0.150380164384842,-1,-0.999999165534973,-0.999139964580536,-0.177149564027786,0.257475614547729,-0.165396615862846,0.715355038642883,0.42774686217308,0.708319425582886,-0.282556742429733,0.264521270990372,-0.28040474653244,-0.0888964682817459,-0.633941769599915,-0.0718507319688797,-0.869993269443512,-1
-0.382549941539764,-1,1,0.225592225790024,0.0839527472853661,0.293965011835098,0.111875653266907,0.00429682340472937,0.278579086065292,0.0213581304997206,-0.244483262300491,0.0170942600816488,-0.215263232588768,-0.251555442810059,-0.729910731315613,-0.252680659294128,-0.501003921031952,-0.999993026256561
0.387856334447861,-0.99999988079071,-0.999999642372131,-0.999776184558868,0.0136074917390943,0.458236753940582,0.0221280846744776,-0.315291911363602,-0.209735348820686,-0.305201560258865,-0.152195155620575,-0.119832068681717,-0.1590955555439,0.444496482610703,0.093944139778614,0.455808639526367,-0.70487767457962,-0.999999403953552
0.489787310361862,-0.999989330768585,1,0.257241874933243,-0.0611676052212715,0.320989042520523,-0.0349053144454956,0.569596648216248,-0.0141849676147103,0.563145875930786,-0.222065895795822,-0.296368151903152,-0.198999434709549,0.235912725329399,-0.588318586349487,0.23593345284462,-0.768031537532806,-0.999998867511749
-0.628860056400299,-1,-0.999997854232788,-0.999939143657684,0.0998041778802872,0.161494329571724,0.0930685549974442,-0.00727078784257174,0.0391435921192169,0.00170500576496124,0.114899441599846,-0.00387436361052096,0.108748935163021,0.286625176668167,-0.303758919239044,0.302562683820724,-0.565404951572418,-0.998677909374237
0.145181149244308,-0.999999463558197,-1,-0.999716520309448,0.0437805466353893,0.552828311920166,0.047693245112896,0.161196261644363,0.343723595142365,0.154050767421722,0.182293459773064,0.186730116605759,0.181140765547752,-0.789463996887207,-0.606386423110962,-0.786000370979309,-0.892277836799622,-1
-0.225806757807732,-0.999999582767487,-1.00000011920929,-0.999994874000549,0.455526977777481,0.114377655088902,0.449075490236282,0.309734225273132,-0.383714497089386,0.310553818941116,-0.492156147956848,0.190694347023964,-0.50727778673172,0.0737860128283501,-0.202952459454536,0.084261417388916,-0.855889856815338,0.999221205711365
-0.130142733454704,-1,-1,-0.999885559082031,-0.210551872849464,0.0428283214569092,-0.2110695540905,0.218959420919418,0.28325080871582,0.219691783189774,0.316188126802444,0.0670071989297867,0.314781129360199,0.0879514515399933,-0.821378350257874,0.0961013734340668,-0.771829545497894,-1
-0.639081478118896,-1,-1,-0.999986052513123,-0.277969092130661,0.164116725325584,-0.28400456905365,-0.0540593825280666,-0.347855895757675,-0.061128992587328,-0.130988255143166,0.0140757998451591,-0.142090246081352,-0.0389767959713936,-0.495511591434479,-0.0196257941424847,-0.938416242599487,-1
-0.539407670497894,-1,-1,-0.999994456768036,-0.0565869361162186,0.727535963058472,-0.0246794298291206,0.433031558990479,-0.159915879368782,0.424661457538605,-0.20721723139286,-0.151706203818321,-0.216060534119606,0.11757942289114,-0.428208291530609,0.133461147546768,-0.955771803855896,-1
-0.425574034452438,-1,-0.999959886074066,-0.999641418457031,0.251441776752472,0.120052568614483,0.248546317219734,0.0236624460667372,0.323818862438202,0.0279092434793711,-0.184639871120453,0.0379097498953342,-0.192250400781631,-0.0765226036310196,-0.328367739915848,-0.0518887080252171,0.121664777398109,-1
-0.285614013671875,-1,-1,-0.999933421611786,0.00468806410208344,0.419494479894638,0.0230335742235184,0.0935996398329735,0.113252580165863,0.0841194987297058,-0.239543944597244,0.0964640751481056,-0.234519779682159,-0.245955556631088,-0.669038057327271,-0.237752735614777,-0.965454936027527,-1
0.427715569734573,-0.996795356273651,1,0.0684593021869659,0.422004491090775,0.233535066246986,0.422808140516281,0.11231891810894,0.444468885660172,0.133718177676201,0.303469687700272,-0.162150591611862,0.314604341983795,-0.19755682349205,-0.0427929945290089,-0.18176257610321,-0.902599513530731,-0.999994933605194
0.213078752160072,-0.999997794628143,-0.999898731708527,-0.999545753002167,0.360376238822937,0.158801913261414,0.363353967666626,-0.306435465812683,-0.243095263838768,-0.289316803216934,0.0790959969162941,-0.225149467587471,0.075532853603363,0.300293892621994,-0.142226532101631,0.308161497116089,-0.308597236871719,-0.998549461364746
-0.25596621632576,-1,-0.99999988079071,-0.99984484910965,-0.238286763429642,0.446770459413528,-0.23446486890316,0.397457242012024,0.00923593807965517,0.400124967098236,0.362810879945755,0.230292573571205,0.344432443380356,-0.128396406769753,-0.573928534984589,-0.10449343919754,-0.329836189746857,-1
-0.278001934289932,-0.999988734722137,-1,-0.999943554401398,0.223676189780235,0.400177896022797,0.244532808661461,0.229315966367722,-0.0800143852829933,0.21178725361824,-0.872927904129028,-0.458444625139236,-0.872998654842377,-0.417549192905426,-0.247569620609283,-0.402758568525314,-0.836781024932861,-0.99999988079071
0.434419333934784,-0.999999582767487,-0.999998390674591,-0.99774044752121,-0.0730933994054794,0.149455264210701,-0.0828323140740395,-0.385879248380661,0.263635575771332,-0.382345229387283,0.182440429925919,0.321771413087845,0.184856072068214,-0.0246381890028715,-0.415429413318634,-0.0167457144707441,-0.657531440258026,-0.999999761581421
-0.209091827273369,-1,-1,-0.999875128269196,-0.371228992938995,0.466988384723663,-0.371342122554779,0.143568933010101,0.483682096004486,0.127043679356575,0.320169448852539,0.0223712772130966,0.324260890483856,-0.114619433879852,-0.579230308532715,-0.108165979385376,-0.948689818382263,-1
-0.47081395983696,-1,-1,-0.999989807605743,-0.148961395025253,0.265481233596802,-0.145064249634743,0.265967398881912,-0.196591556072235,0.273062407970428,0.023339981213212,-0.254163056612015,0.0136503297835588,-0.0725926831364632,-0.748653888702393,-0.0614819452166557,-0.844770729541779,-0.999999761581421
0.0616280660033226,-0.999999761581421,-1,-0.999997913837433,0.545837581157684,-0.0735037997364998,0.520578861236572,0.160837814211845,-0.0191693939268589,0.173050463199615,-0.0364264361560345,-0.0339750796556473,-0.0673153921961784,0.205272436141968,-0.583174645900726,0.199098259210587,-0.64044463634491,1
-0.8886838555336,-0.999999940395355,1,0.43288716673851,-0.00902970507740974,0.783016920089722,0.0619583167135715,0.525116503238678,0.490431308746338,0.571657598018646,-0.0532726794481277,-0.620091557502747,-0.0109594808891416,0.282014757394791,-0.233628645539284,0.264777451753616,-0.678234398365021,-0.99932450056076
-0.467017382383347,-1,-1,-0.99996417760849,-0.0922593846917152,0.172992199659348,-0.109473943710327,-0.46522119641304,0.113774880766869,-0.468790739774704,0.102394334971905,0.382696002721786,0.0876731649041176,0.0113873099908233,-0.592209577560425,0.0469691604375839,-0.908543407917023,-1
-0.465195566415787,1,-0.999983012676239,-0.997116446495056,-0.462237030267715,0.28921040892601,-0.445906519889832,0.68646776676178,-0.177928596735001,0.693113207817078,0.169219404459,0.196579456329346,0.160252541303635,0.513737082481384,-0.849528908729553,0.475258201360703,0.245795249938965,0.999999940395355
-0.420688301324844,-1,-0.999999761581421,-0.99997091293335,0.129585057497025,0.182636484503746,0.133553043007851,0.0296712312847376,-0.273760080337524,0.0393023565411568,-0.316185235977173,-0.0853720977902412,-0.323945641517639,0.275834381580353,-0.769274950027466,0.292564243078232,-0.708803057670593,-0.999995946884155
-0.117519192397594,-1,-1,-0.999939978122711,0.251996159553528,0.215222135186195,0.248404040932655,0.0166081953793764,0.103503994643688,0.026016891002655,0.0504134558141232,-0.103778436779976,0.0321987234055996,0.0265691578388214,-0.544306933879852,0.0502920895814896,-0.0982002466917038,-0.999999701976776
-0.644761264324188,-1,-1,-0.999996364116669,0.0477325618267059,0.258829981088638,0.0629936382174492,0.395774692296982,-0.279146432876587,0.385851174592972,0.121018305420876,0.0218959748744965,0.109967328608036,-0.411626815795898,-0.607517719268799,-0.392140865325928,-0.948901653289795,-1
-0.0918591842055321,-0.999997556209564,-1,-0.999988734722137,-0.311147928237915,0.63919997215271,-0.29671972990036,0.457464098930359,-0.413418024778366,0.454653590917587,-0.647810161113739,0.101968757808208,-0.658143222332001,-0.193335115909576,-0.476047486066818,-0.178866758942604,-0.802877604961395,-0.999999523162842
-0.0862024948000908,-0.999966323375702,1,0.699277877807617,-0.129543945193291,-0.0659328997135162,-0.112740099430084,0.33488804101944,0.0974806770682335,0.321933209896088,-0.20092137157917,-0.742956161499023,-0.170674949884415,-0.340002059936523,-0.731724321842194,-0.348320543766022,-0.669375598430634,-0.99953556060791
-0.693552255630493,-1,-0.999943971633911,-0.99994570016861,0.315407902002335,-0.197124287486076,0.306304425001144,0.0729622691869736,-0.0699553340673447,0.0824483260512352,-0.0979097038507462,-0.145431905984879,-0.103827357292175,0.22921521961689,-0.271513760089874,0.246931403875351,-0.339970171451569,-0.962584137916565
-0.255667477846146,-0.999999821186066,-0.999999642372131,-0.999781787395477,-0.388981223106384,-0.225618690252304,-0.413771212100983,0.0187713447958231,-0.176798015832901,0.0198478829115629,0.221756279468536,-0.264168947935104,0.200853005051613,0.0912634432315826,-0.34028035402298,0.115282036364079,-0.388822823762894,-0.999998331069946
-0.413615494966507,-1,-1,-0.999984681606293,0.242881074547768,0.442389249801636,0.268345057964325,0.531105697154999,0.147374019026756,0.51987236738205,-0.545705854892731,-0.145351976156235,-0.547987103462219,0.312159955501556,-0.882324635982513,0.332169353961945,-0.865399122238159,-1
-0.584593713283539,-1,-0.999998807907104,-0.999949514865875,-0.0635140314698219,-0.0481123551726341,-0.0754154324531555,0.0401809401810169,0.0913550406694412,0.0395226739346981,-0.176427617669106,-0.027327548712492,-0.186883077025414,0.263026505708694,-0.71617591381073,0.289812415838242,-0.743482172489166,-1
-0.144016250967979,-0.999997913837433,-1,-0.999931037425995,-0.517154455184937,0.545490145683289,-0.509818911552429,0.531102895736694,0.0713448151946068,0.523144483566284,-0.583400964736938,0.127650693058968,-0.593211531639099,-0.07799381762743,-0.203575626015663,-0.0603204295039177,-0.660746395587921,-1
-0.72052127122879,1,-0.999610662460327,-0.962537586688995,-0.0973009690642357,0.220770657062531,-0.0655759796500206,-0.391682952642441,-0.0989517942070961,-0.38545349240303,0.0573486536741257,0.617466032505035,0.0630881413817406,0.792386651039124,-0.917503595352173,0.763486623764038,0.661989748477936,1
-0.155889362096786,-1,-1,-0.999653816223145,0.0773494839668274,0.537130117416382,0.0875946655869484,0.113564148545265,0.311405807733536,0.105166144669056,0.152622431516647,0.372771680355072,0.156410053372383,0.218338951468468,-0.639055192470551,0.230249106884003,-0.945128738880157,-1
0.284966021776199,-1,-1,-0.999972701072693,-0.207810655236244,0.253248810768127,-0.20884907245636,-0.0786618068814278,-0.232059329748154,-0.0693094357848167,0.11143896728754,-0.293161273002625,0.0960729420185089,0.433972090482712,-0.299977391958237,0.447383284568787,-0.809775233268738,-1
-0.37769216299057,1,-1,-0.999798238277435,-0.0246606189757586,0.159920081496239,-0.0142335249111056,-0.0333620309829712,0.224734410643578,-0.0317285060882568,-0.0150185106322169,0.202260121703148,-0.014775269664824,0.0534378923475742,-0.793907225131989,0.0333476401865482,-0.924030959606171,-0.999698519706726
-0.232838645577431,-0.999998331069946,1,0.411927580833435,0.126546770334244,0.288227498531342,0.140194684267044,0.0258861966431141,0.702734887599945,0.0104763982817531,-0.341955989599228,-0.0553485415875912,-0.312900871038437,0.297096759080887,-0.47171613574028,0.303232371807098,-0.784586369991302,-0.999999761581421
0.124702215194702,-0.999990165233612,1,0.353145658969879,-0.1075798869133,0.565317690372467,-0.0946793481707573,0.200507566332817,0.340983241796494,0.23218061029911,0.571579277515411,-0.064374178647995,0.579598724842072,-0.158541306853294,-0.157508626580238,-0.15409691631794,-0.868213057518005,-0.999999821186066
-0.363515824079514,-0.999929666519165,1,0.370112717151642,0.313417553901672,0.0790861248970032,0.322615683078766,0.252423375844955,0.628711760044098,0.240912690758705,-0.314716190099716,-0.29603236913681,-0.288449823856354,0.106101110577583,-0.285146921873093,0.115742340683937,-0.818713665008545,-0.999997019767761
-0.302120208740234,1,-0.999999761581421,-0.99884021282196,0.121959589421749,0.238700151443481,0.134204000234604,0.0610109232366085,0.0431736372411251,0.0669469013810158,0.183908954262733,0.229580610990524,0.179446578025818,0.227746367454529,-0.688514292240143,0.203114360570908,-0.653192698955536,0.958237528800964
