"";"date";"Year";"quarter";"Week";"Chain";"Brand";"UnitSales";"PricePU";"BasePricePU";"FeatDispl";"DispOnly";"FeatOnly";"Promotion";"Revenue";"MinTemp";"MaxTemp";"Sunshine";"Rain";"c1000_dummy";"UnitSalesLag";"PrivateLabelBasePricePU";"PrivateLabelPricePU";"PrivateLabelFeatDispl";"PrivateLabelDispOnly";"PrivateLabelFeatOnly";"PrivateLabelPromotion";"SlimpieBasePricePU";"SlimpiePricePU";"SlimpieFeatDispl";"SlimpieDispOnly";"SlimpieFeatOnly";"SlimpiePromotion";"UnitSalesLagg";"UnitSalesLaggg";"KarvanCevitamGO";"dummypositive";"dummynegative"
"1";2013-10-07;2013;4;41;"Albert Heijn";"KarvanCevitam";125489;2,529745237;2,584359624;0;0;0;0,97886734241906;324308,704856136;53;176;56;0;1;NA;1,938870148;1,936555348;0;0;0;0,99880610880394;1,810380514;1,809541238;0;0;0;0,999536409062344;NA;NA;0;0;0
"2";2013-10-14;2013;4;42;"Albert Heijn";"KarvanCevitam";115475;2,586623079;2,592769375;0;0;0;0,997629447470622;299400,043578125;89;112;0;82;1;125489;1,930996175;1,930274357;0;0;0;0,999626193977313;1,809085491;1,808410039;0;0;0;0,99962663345466;NA;NA;0;0;0
"3";2013-10-21;2013;4;43;"Albert Heijn";"KarvanCevitam";124298;2,588484127;2,592279569;0;0;0;0,998535867023994;322215,165867562;120;176;4;0;1;115475;1,929890065;1,929604031;0;0;0;0,999851787412564;1,809600049;1,809131308;0;0;0;0,9997409698346;125489;NA;0;0;0
"4";2013-10-28;2013;4;44;"Albert Heijn";"KarvanCevitam";128443;2,573810951;2,577722361;0;0;0;0,998482610051735;331090,393213923;104;174;31;59;1;124298;1,938613944;1,938310581;0;0;0;0,999843515517394;1,810321906;1,809915677;0;0;0;0,999775603996917;115475;125489;0;0;0
"5";2013-11-04;2013;4;45;"Albert Heijn";"KarvanCevitam";120610;2,576187712;2,576649532;0;0;0;0,999820767242784;310769,70005452;73;124;10;120;1;128443;1,95010362;1,949563353;0;0;0;0,99972295472176;1,811479786;1,810678871;0;0;0;0,999557866995707;124298;115475;0;0;0
"6";2013-11-11;2013;4;46;"Albert Heijn";"KarvanCevitam";116962;2,569579009;2,570382688;0;0;0;0,999687330994038;300637,099953856;-4;95;28;0;1;120610;1,944174752;1,924316916;0;0;0;0,989785981954774;1,811757984;1,810589804;0;0;0;0,999355222932469;128443;124298;0;0;0
"7";2013-11-18;2013;4;47;"Albert Heijn";"KarvanCevitam";121185;2,556458308;2,579938111;0;0;0;0,990899082850131;312649,799981535;38;66;0;0;1;116962;1,973003239;1,956691306;0;0;0;0,991732434758562;1,813797077;1,812857056;0;0;0;0,99948173860686;120610;128443;0;0;0
"8";2013-11-25;2013;4;48;"Albert Heijn";"KarvanCevitam";120419;2,529898936;2,565194861;0;0;0;0,986240450760048;308898,199966759;31;80;35;1;1;121185;2,013209188;2,013209188;0;0;0;1;1,807257019;1,806794199;0;0;0;0,999743910248994;116962;120610;0;0;0
"9";2013-12-02;2013;4;49;"Albert Heijn";"KarvanCevitam";115657;2,53805563;2,573069507;0;0;0;0,986392175996511;297593,499971099;-18;83;43;0;1;120419;2,024314784;2,024314784;0;0;0;1;1,808673143;1,807906174;0;0;0;0,999575949362123;121185;116962;0;0;0
"10";2013-12-09;2013;4;50;"Albert Heijn";"KarvanCevitam";117128;2,687072263;2,687140564;0;0;0;0,99997458227496;314739,399980192;74;111;27;0;1;115657;2,024986619;2,024986619;0;0;0;1;1,814396817;1,808732359;0;0;0;0,996878048976427;120419;121185;0;0;0
"11";2013-12-16;2013;4;51;"Albert Heijn";"KarvanCevitam";130675;2,692171418;2,692202793;0;0;0;0,9999883459745;351803,599975275;79;127;41;0;1;117128;2,036845815;2,033539304;0;0;0;0,998376651302887;1,811277337;1,811026095;0;0;0;0,999861290154264;115657;120419;0;0;0
"12";2013-12-23;2013;4;52;"Albert Heijn";"KarvanCevitam";109952;2,692414872;2,694011023;0;0;0;0,999407518756838;296211,900000896;49;116;24;80;1;130675;2,053222701;2,052387586;0;0;0;0,999593266234786;1,812387868;1,811149082;0;0;0;0,99931648957606;117128;115657;0;0;0
"13";2013-12-30;2013;4;1;"Albert Heijn";"KarvanCevitam";118873;2,774243941;2,777362395;0;0;0;0,998877188657262;330153,399980835;21;75;29;16;1;109952;2,135373702;2,135361513;0;0;0;0,99999429186564;1,865091718;1,86495584;0;0;0;0,999927146746356;130675;117128;0;0;0
"14";2014-01-06;2014;1;2;"Albert Heijn";"KarvanCevitam";118874;2,822026684;2,826663526;0;0;0;0,998359605960402;336016,799989724;70;145;10;29;1;118873;2,16585773;2,165849671;0;0;0;0,99999627907231;1,890545858;1,890374065;0;0;0;0,999909130477172;109952;130675;0;0;0
"15";2014-01-13;2014;1;3;"Albert Heijn";"KarvanCevitam";117766;2,820201926;2,824658847;0;0;0;0,998422138303628;332648,773775802;22;99;46;4;1;118874;2,168073648;2,168062017;0;0;0;0,999994635329842;1,890220035;1,890011581;0;0;0;0,999889719717207;118873;109952;0;0;0
"16";2014-01-20;2014;1;4;"Albert Heijn";"KarvanCevitam";122758;2,821418563;2,825547011;0;0;0;0,998538885396729;346858,499976338;14;60;0;7;1;117766;2,168073611;2,167975582;0;0;0;0,999954785206783;1,890270658;1,890028113;0;0;0;0,999871687687171;118874;118873;0;0;0
"17";2014-01-27;2014;1;5;"Albert Heijn";"KarvanCevitam";118661;2,781440406;2,820554352;0;0;0;0,98613253243205;334689,799962672;25;62;19;20;1;122758;2,174950986;2,174579633;0;0;0;0,999829259140831;1,88984447;1,889596774;0;0;0;0,999868933129719;117766;118874;0;0;0
"18";2014-02-03;2014;1;6;"Albert Heijn";"KarvanCevitam";119555;2,777962444;2,816819874;0;0;0;0,986205213063617;336764,90003607;5;82;80;0;1;118661;2,168694549;2,168352234;0;0;0;0,999842156194768;1,890405771;1,854489579;0;0;0;0,981000802816529;122758;117766;0;0;0
"19";2014-02-10;2014;1;7;"Albert Heijn";"KarvanCevitam";116167;2,778723734;2,819245569;0;0;0;0,985626709696533;327503,300014023;23;90;8;4;1;119555;2,160869721;2,159737384;0;0;0;0,999475980902969;1,890783047;1,8541444;0;0;0;0,980622500789748;118661;122758;0;0;0
"20";2014-02-17;2014;1;8;"Albert Heijn";"KarvanCevitam";486964;2,191376775;2,78574163;49;0;51;0,786640351495914;1356555,88711132;3;104;30;0;1;116167;2,096442457;2,096383643;0;0;0;0,999971945807621;1,899543566;1,854803056;0;0;0;0,976446704987023;119555;118661;0;1;0
"21";2014-02-24;2014;1;9;"Albert Heijn";"KarvanCevitam";100306;2,634182402;2,764897046;0;8;0;0,952723504049054;277335,763096076;38;126;88;0;1;486964;2,139320377;2,108551644;0;0;0;0,985617519783013;1,889719375;1,879771422;0;0;0;0,994735751174695;116167;119555;0;0;1
"22";2014-03-03;2014;1;10;"Albert Heijn";"KarvanCevitam";103280;2,714651433;2,783675841;0;0;0;0,975203862826498;287498,04085848;6;99;23;7;1;100306;2,154411802;2,124113929;0;0;0;0,985936823697367;1,886208933;1,879546919;0;0;0;0,996468040266672;486964;116167;0;0;0
"23";2014-03-10;2014;1;11;"Albert Heijn";"KarvanCevitam";118541;2,712339191;2,78839797;0;0;0;0,972723126390742;330539,48376177;15;180;107;0;1;103280;2,15931983;2,127182274;0;0;0;0,985116815233434;1,887076649;1,879758368;0;0;0;0,99612189520554;100306;486964;0;0;0
"24";2014-03-17;2014;1;12;"Albert Heijn";"KarvanCevitam";121804;2,704101672;2,717163771;0;0;0;0,995192745045621;330961,415962884;75;120;0;0;1;118541;2,158837585;2,126387137;0;0;0;0,984968555195874;1,886917633;1,879359151;0;0;0;0,9959942703021;103280;100306;0;0;0
"25";2014-03-24;2014;1;13;"Albert Heijn";"KarvanCevitam";126874;2,711206394;2,715224119;0;0;0;0,998520297101117;344491,344874006;-7;109;93;0;1;121804;2,132846871;2,130495595;0;0;0;0,998897587992851;1,881163852;1,879547661;0;0;0;0,999140855806749;118541;103280;0;0;0
"26";2014-03-31;2014;1;14;"Albert Heijn";"KarvanCevitam";134716;2,719060097;2,720350615;0;0;0;0,999525606003548;366474,75345034;94;204;57;0;1;126874;2,141276695;2,124693582;0;0;0;0,992255502038236;1,87878443;1,878074209;0;0;0;0,999621978451248;121804;118541;0;0;0
"27";2014-04-07;2014;2;15;"Albert Heijn";"KarvanCevitam";125228;2,671785064;2,717780387;0;0;0;0,983076144334542;340342,202303236;119;212;34;19;1;134716;2,132532627;2,131583698;0;0;0;0,999555022517365;1,880164547;1,879446522;0;0;0;0,99961810523385;126874;121804;0;0;0
"28";2014-04-14;2014;2;16;"Albert Heijn";"KarvanCevitam";129602;2,677533526;2,72248885;0;0;0;0,983487416670228;352839,9999377;55;117;88;15;1;125228;2,134259669;2,128391787;0;0;0;0,997250624146054;1,882829713;1,88043446;0;0;0;0,998727844061807;134716;126874;0;0;0
"29";2014-04-21;2014;2;17;"Albert Heijn";"KarvanCevitam";129150;2,672517228;2,721249857;0;0;0;0,982091821199497;351449,41903155;90;158;26;10;1;129602;2,119179729;2,115888454;0;0;0;0,998446910870767;1,880420623;1,879048377;0;0;0;0,999270245187052;125228;134716;0;0;0
"30";2014-04-28;2014;2;18;"Albert Heijn";"KarvanCevitam";124094;2,660568601;2,720942065;0;0;0;0,977811558439044;337652,58461411;82;169;18;0;1;129150;2,127563131;2,123097723;0;0;0;0,997901163103019;1,885515972;1,882963479;0;0;0;0,99864626285966;129602;125228;0;0;0
"31";2014-05-05;2014;2;19;"Albert Heijn";"KarvanCevitam";122508;2,665738564;2,678442224;0;0;0;0,995257071484996;328130,599977792;31;184;100;0;1;124094;2,130489408;2,129625085;0;0;0;0,999594307769494;1,881268368;1,880433101;0;0;0;0,9995560085875;129150;129602;0;0;1
"32";2014-05-12;2014;2;20;"Albert Heijn";"KarvanCevitam";129744;2,666310581;2,679075631;0;0;0;0,995235278223469;347593,988668464;60;146;29;28;1;122508;2,124363584;2,122074775;0;0;0;0,998922590738592;1,88125537;1,87973747;0;0;0;0,999193145160298;124094;129150;0;0;0
"33";2014-05-19;2014;2;21;"Albert Heijn";"KarvanCevitam";161176;2,668334616;2,677310518;0;0;0;0,99664741839258;431518,200049168;92;243;141;0;1;129744;2,125225543;2,124630777;0;0;0;0,999720139821414;1,879992984;1,879852666;0;0;0;0,999925362487416;122508;124094;0;0;0
"34";2014-05-26;2014;2;22;"Albert Heijn";"KarvanCevitam";135072;2,673022536;2,675609641;0;0;0;0,999033078308451;361399,945429152;122;223;8;35;1;161176;2,126863248;2,125244434;0;0;0;0,999238872550211;1,881270666;1,879475673;0;0;0;0,99904586137846;129744;122508;0;0;0
"35";2014-06-02;2014;2;23;"Albert Heijn";"KarvanCevitam";631456;2,03045517;2,637162973;53;0;47;0,769939207697195;1665252,38227869;56;206;90;0;1;135072;2,041177157;2,039945382;0;0;0;0,99939653694645;1,880608747;1,879981604;0;0;0;0,999666521278814;161176;129744;0;0;0
"36";2014-06-09;2014;2;24;"Albert Heijn";"KarvanCevitam";183209;2,357270112;2,768077579;0;11;0;0,851591057231709;507136,725171011;160;271;65;28;1;631456;2,08434136;2,081850286;0;0;0;0,998804862750505;1,884860542;1,883698723;0;0;0;0,999383604795097;135072;161176;0;1;0
"37";2014-06-16;2014;2;25;"Albert Heijn";"KarvanCevitam";123529;2,649936452;2,655235391;0;1;0;0,998004343035664;327998,572614839;99;178;16;6;1;183209;2,098879009;2,09827869;0;0;0;0,999713981131153;1,882630535;1,882044503;0;0;0;0,999688716405527;631456;135072;0;0;0
"38";2014-06-23;2014;2;26;"Albert Heijn";"KarvanCevitam";138237;2,665613403;2,673398693;0;0;0;0,997087867956102;369562,615124241;70;213;126;0;1;123529;2,119192255;2,106432781;0;0;0;0,993979086149501;1,890749311;1,875522615;0;0;0;0,991946739892267;183209;631456;0;0;0
"39";2014-06-30;2014;2;27;"Albert Heijn";"KarvanCevitam";148275;2,661686056;2,681654559;0;0;0;0,992553663210281;397622,329735725;78;186;62;8;1;138237;2,094793015;2,040695627;0;0;0;0,974175306289151;1,89238725;1,871765849;0;0;0;0,989102969807052;123529;183209;0;0;0
"40";2014-07-07;2014;3;28;"Albert Heijn";"KarvanCevitam";151871;2,712062211;2,7294988;0;0;0;0,993611798253951;414531,7122548;124;235;77;0;1;148275;2,199249748;2,168296532;0;0;0;0,985925556645784;1,878833507;1,863614948;0;0;0;0,991899995958503;138237;123529;0;0;0
"41";2014-07-14;2014;3;29;"Albert Heijn";"KarvanCevitam";185996;2,728572657;2,741442537;0;0;0;0,995305435067013;509897,346111852;133;227;63;7;1;151871;2,284809909;2,276211155;0;0;0;0,99623655606266;1,889616824;1,874562715;0;0;0;0,99203324779458;148275;138237;0;1;0
"42";2014-07-21;2014;3;30;"Albert Heijn";"KarvanCevitam";162989;2,727451546;2,738682941;0;0;0;0,995898979457659;446375,193870649;180;212;0;47;1;185996;2,303472282;2,300063427;0;0;0;0,9985201232823;1,884747706;1,878653283;0;0;0;0,996766451562404;151871;148275;0;0;0
"43";2014-07-28;2014;3;31;"Albert Heijn";"KarvanCevitam";147819;2,796736549;2,799223616;0;0;0;0,999111515426712;413778,435693504;176;235;55;33;1;162989;2,315343333;2,315343333;0;0;0;1;1,880664539;1,85036606;0;0;0;0,983889482482553;185996;151871;0;0;0
"44";2014-08-04;2014;3;32;"Albert Heijn";"KarvanCevitam";134910;2,803246609;2,804816436;0;0;0;0,999440310253516;378397,78538076;123;233;84;0;1;147819;2,318269805;2,313123746;0;0;0;0,997780215663897;1,879798801;1,850528402;0;0;0;0,984428972406819;162989;185996;0;0;0
"45";2014-08-11;2014;3;33;"Albert Heijn";"KarvanCevitam";126438;2,817126971;2,817126971;0;8;0;1;356191,899959298;147;207;99;3;1;134910;2,321245829;2,320935448;0;0;0;0,999866286889513;1,880027518;1,850979637;0;0;0;0,984549225624686;147819;162989;0;0;0
"46";2014-08-18;2014;3;34;"Albert Heijn";"KarvanCevitam";126003;2,816800394;2,816800394;0;5;0;1;354925,300045182;97;173;67;27;1;126438;2,322940784;2,322539115;0;0;0;0,999827085992563;1,877574599;1,849551557;0;0;0;0,98507487158437;134910;147819;0;0;0
"47";2014-08-25;2014;3;35;"Albert Heijn";"KarvanCevitam";139516;2,815471344;2,81605654;0;7;0;0,999792193092828;392884,94423464;73;169;3;86;1;126003;2,320687234;2,320390743;0;0;0;0,999872240000438;1,851697952;1,851109685;0;0;0;0,999682309418032;126438;134910;0;0;0
"48";2014-09-01;2014;3;36;"Albert Heijn";"KarvanCevitam";142740;2,813943534;2,820267362;0;0;0;0,997757720390199;402564,96325188;87;212;65;0;1;139516;2,324191997;2,323667358;0;0;0;0,999774270369798;1,848304208;1,847895771;0;0;0;0,999779020683807;126003;126438;0;0;0
"49";2014-09-08;2014;3;37;"Albert Heijn";"KarvanCevitam";137535;2,807669321;2,807997237;0;0;0;0,999883220682813;386197,899990795;79;205;113;0;1;142740;2,324491817;2,323367133;0;0;0;0,999516159191538;1,856642992;1,405447621;0;0;0;0,756983236441182;139516;126003;0;0;0
"50";2014-09-15;2014;3;38;"Albert Heijn";"KarvanCevitam";151887;2,806326414;2,810603464;0;0;0;0,998478244955298;426894,128336568;106;228;83;0;1;137535;2,32664989;2,325901996;0;0;0;0,999678553269568;1,851028697;1,849627475;0;0;0;0,999243003632374;142740;139516;0;0;0
"51";2014-09-22;2014;3;39;"Albert Heijn";"KarvanCevitam";144895;2,808619345;2,809012043;0;0;0;0,99986020067056;407011,799970485;63;175;66;0;1;151887;2,326082565;2,32538221;0;0;0;0,999698912235301;1,850826022;1,850404448;0;0;0;0,999772223863838;137535;142740;0;0;0
"52";2014-09-29;2014;3;40;"Albert Heijn";"KarvanCevitam";146270;2,811750188;2,812517958;0;0;0;0,999727016854127;411387,00171666;119;193;20;58;1;144895;2,322092727;2,321765738;0;0;0;0,999859183487292;1,851857061;1,851341355;0;0;0;0,999721519543349;151887;137535;0;0;0
"53";2014-10-06;2014;4;41;"Albert Heijn";"KarvanCevitam";134144;2,804116472;2,804454914;0;0;0;0,999879319864152;376200,799983616;123;161;1;12;1;146270;2,326549778;2,325869947;0;0;0;0,999707794345761;1,850568535;1,850110313;0;0;0;0,999752388527453;144895;151887;0;0;0
"54";2014-10-13;2014;4;42;"Albert Heijn";"KarvanCevitam";119728,6;2,80724238;2,80774936;0;0;0;0,999819435449894;336167,900023696;120;185;14;12;1;134144;2,32585375;2,32534019;0;0;0;0,999779195059019;1,851081919;1,850461993;0;0;0;0,999665100721023;146270;144895;0;0;0
"55";2014-10-20;2014;4;43;"Albert Heijn";"KarvanCevitam";759464;2,045904743;2,737563195;50;0;50;0,747345210783344;2079080,69432748;139;177;55;2;1;119728,6;2,328333419;2,327461289;0;4;0;0,999625427358091;1,851467424;1,40104421;0;0;0;0,756720961891469;134144;146270;0;0;0
"56";2014-10-27;2014;4;44;"Albert Heijn";"KarvanCevitam";119548;2,562906113;2,819000426;0;37;0;0,909154212735121;337005,862927448;98;170;83;0;1;759464;2,325537602;2,325205043;0;0;0;0,999856996937089;1,852321882;1,831408902;0;0;0;0,988709856422244;119728,6;134144;0;0;0
"57";2014-11-03;2014;4;45;"Albert Heijn";"KarvanCevitam";107475;2,742069318;2,792357677;0;0;0;0,981990717230026;300108,641335575;94;153;5;77;1;119548;2,326004715;2,325423393;0;0;0;0,99975007703284;1,849832837;1,83097684;0;0;0;0,989806648134444;759464;119728,6;0;0;0
"58";2014-11-10;2014;4;46;"Albert Heijn";"KarvanCevitam";109013;2,752516672;2,806144218;0;0;0;0,980889240953474;305906,199636834;59;126;70;21;1;107475;2,322590766;2,321686837;0;0;0;0,99961081004315;1,831419441;1,798455081;0;0;0;0,982000649735376;119548;759464;0;0;0
"59";2014-11-17;2014;4;47;"Albert Heijn";"KarvanCevitam";598077;2,051305768;2,687690188;49;0;51;0,763222553387541;1607445,68456848;81;123;35;3;1;109013;2,322539549;2,322071959;0;0;0;0,999798672965461;1,812223329;1,800645735;0;0;0;0,993611386734333;107475;119548;0;0;0
"60";2014-11-24;2014;4;48;"Albert Heijn";"KarvanCevitam";97633;2,659617138;2,798066594;0;28;0;0,950519599391636;273183,635772002;3;113;57;29;1;598077;2,326790118;2,326318522;0;0;0;0,999797319063567;1,843311788;1,814648681;0;0;0;0,984450212282807;109013;107475;0;0;0
"61";2014-12-01;2014;4;49;"Albert Heijn";"KarvanCevitam";99308;2,745593507;2,746085915;0;0;0;0,999820687329078;272708,30004682;10;24;0;0;1;97633;2,327480221;2,325975741;0;0;0;0,99935360138126;1,832718396;1,829263335;0;0;0;0,998114788934546;598077;109013;0;0;0
"62";2014-12-08;2014;4;50;"Albert Heijn";"KarvanCevitam";110250;2,74087619;2,752166048;0;0;0;0,995897828182204;303426,306792;15;49;23;22;1;99308;2,326848595;2,326296886;0;0;0;0,999762894327897;1,833091131;1,832255874;0;0;0;0,99954434507599;97633;598077;0;0;0
"63";2014-12-15;2014;4;51;"Albert Heijn";"KarvanCevitam";120793;2,745453793;2,751888168;0;0;0;0,997661832673718;332408,827477224;32;79;11;70;1;110250;2,327568385;2,326182628;0;0;0;0,99940463317472;1,83506028;1,834402085;0;0;0;0,999641322409311;99308;97633;0;0;0
"64";2014-12-22;2014;4;52;"Albert Heijn";"KarvanCevitam";110358;2,746471484;2,750301745;0;0;0;0,998607330629462;303517,79997471;93;128;0;17;1;120793;2,32689888;2,32640817;0;0;0;0,999789114170703;1,833561275;1,833269305;0;0;0;0,999840763434535;110250;99308;0;0;0
"65";2014-12-29;2014;4;1;"Albert Heijn";"KarvanCevitam";121972;2,747146886;2,75082396;0;0;0;0,998663282691489;335523,50004912;11;56;36;11;1;110358;2,326938633;2,326629775;0;0;0;0,999867268523707;1,83595677;1,835373293;0;0;0;0,999682194586749;120793;110250;0;0;0
"66";2015-01-05;2015;1;2;"Albert Heijn";"KarvanCevitam";124182;2,74974473;2,751064759;0;0;0;0,99952017523554;341632,723902138;9;38;5;0;1;121972;2,327317285;2,326614631;0;0;0;0,999698084139825;1,833557127;1,833329337;0;0;0;0,999875766074236;110358;120793;0;0;0
"67";2015-01-12;2015;1;3;"Albert Heijn";"KarvanCevitam";125225;2,761984428;2,762406868;0;0;0;0,999847075387448;345922,4000453;64;102;0;52;1;124182;2,327307446;2,326752726;0;0;0;0,999761647305794;1,835115316;1,834559432;0;0;0;0,999697084975994;121972;110358;0;0;0
"68";2015-01-19;2015;1;4;"Albert Heijn";"KarvanCevitam";129201;2,768011857;2,768293589;0;0;0;0,999898229002473;357666,299992389;5;16;0;0;1;125225;2,326791437;2,326281014;0;0;0;0,999780632250969;1,835879166;1,835302085;0;0;0;0,999685665042293;124182;121972;0;0;0
"69";2015-01-26;2015;1;5;"Albert Heijn";"KarvanCevitam";126651,8;2,768364129;2,76904789;0;0;0;0,999753069998367;350704,899554702;41;83;2;61;1;129201;2,327076558;2,326681642;0;0;0;0,999830295226583;1,835109858;1,834809683;0;0;0;0,99983642668656;125225;124182;0;0;0
"70";2015-02-02;2015;1;6;"Albert Heijn";"KarvanCevitam";126459;2,753001368;2,767242347;0;0;0;0,994853729014577;349942,699959273;6;55;38;34;1;126651,8;2,327193721;2,326639607;0;0;0;0,999761896057471;1,835996503;1,83532634;0;0;0;0,999634986777532;129201;125225;0;0;0
"71";2015-02-09;2015;1;7;"Albert Heijn";"KarvanCevitam";122576;2,752950822;2,767795168;0;2;0;0,994636761357335;339265,260512768;44;72;0;5;1;126459;2,326486109;2,325949677;0;0;0;0,999769423940283;1,834625185;1,834453333;0;0;0;0,999906328550701;126651,8;129201;0;0;0
"72";2015-02-16;2015;1;8;"Albert Heijn";"KarvanCevitam";727987;2,040272697;2,735379025;50;0;50;0,745882994039555;1991320,37027267;-49;77;88;0;1;122576;2,327494271;2,326887721;0;0;0;0,999739397854784;1,835488204;1,834822471;0;0;0;0,999637299221782;126459;126651,8;0;0;0
"73";2015-02-23;2015;1;9;"Albert Heijn";"KarvanCevitam";102225;2,670763512;2,758782613;0;5;0;0,96809494862508;282016,552613925;27;98;42;34;1;727987;2,327092216;2,326506981;0;0;0;0,999748512329689;1,835895133;1,83531129;0;0;0;0,999681984559191;122576;126459;0;0;0
"74";2015-03-02;2015;1;10;"Albert Heijn";"KarvanCevitam";109163;2,737826003;2,754698034;0;0;0;0,993875179496353;300711,101485542;16;84;68;8;1;102225;2,32248226;2,321811095;0;0;0;0,999711013939026;1,834874843;1,834449474;0;0;0;0,999768175468958;727987;122576;0;0;0
"75";2015-03-09;2015;1;11;"Albert Heijn";"KarvanCevitam";119451;2,883944044;2,894698181;0;1;0;0,996284884873115;345774,592418631;67;113;27;0;1;109163;2,326370519;2,325307369;0;0;0;0,999543000570495;1,835592948;1,835255345;0;0;0;0,999816079594135;102225;727987;0;0;0
"76";2015-03-16;2015;1;12;"Albert Heijn";"KarvanCevitam";123805;2,882319777;2,889472634;0;0;0;0,997524511249619;357731,15945237;6;128;74;0;1;119451;2,327315687;2,325013066;0;0;0;0,999010610802453;1,830813076;1,801917535;0;0;0;0,984217099288404;109163;102225;0;0;0
"77";2015-03-23;2015;1;13;"Albert Heijn";"KarvanCevitam";125283;2,885992513;2,891340989;0;0;0;0,998150174600523;362235,873124887;-29;93;92;0;1;123805;2,326784328;2,323710111;0;0;0;0,998678770110747;1,837365683;1,808971267;0;0;0;0,984546126956264;119451;109163;21;0;0
"78";2015-03-30;2015;1;14;"Albert Heijn";"KarvanCevitam";127751;2,888245885;2,892823159;0;0;0;0,998417713856528;369561,051385409;53;91;79;29;1;125283;2,323254463;2,322702056;0;0;0;0,999762227078954;1,835896356;1,808384243;0;0;0;0,985014343042794;123805;119451;15;0;0
"79";2015-04-06;2015;2;15;"Albert Heijn";"KarvanCevitam";131541;2,853631187;2,886173414;0;0;0;0,988724784573877;379650,137050974;16;117;18;0;1;127751;2,434534554;2,434357647;0;0;0;0,999927334364711;1,835932222;1,807951714;0;0;0;0,98475950927561;125283;123805;11;0;0
"80";2015-04-13;2015;2;16;"Albert Heijn";"KarvanCevitam";144316;2,855424901;2,885932647;0;0;0;0,989428808731308;416486,255884452;41;128;104;0;1;131541;2,434043438;2,433805256;0;0;0;0,999902145542565;1,806520686;1,805949036;0;0;0;0,999683562992425;127751;125283;10;0;0
"81";2015-04-20;2015;2;17;"Albert Heijn";"KarvanCevitam";150835;2,861320648;2,883510346;0;0;0;0,992304623414727;434934,28303891;43;171;126;0;1;144316;2,436605872;2,436060786;0;0;0;0,999776292913736;1,808980626;1,808598471;0;0;0;0,999788745664543;131541;127751;10;0;0
"82";2015-04-27;2015;2;18;"Albert Heijn";"KarvanCevitam";138361;2,868333562;2,888761271;0;0;0;0,992928557577578;399691,898216831;-3;126;116;0;1;150835;2,439127856;2,43856794;0;0;0;0,999770444177978;1,808468647;1,8080614;0;0;0;0,999774811136109;144316;131541;21;0;0
"83";2015-05-04;2015;2;19;"Albert Heijn";"KarvanCevitam";145964;2,871125757;2,87196295;0;0;0;0,99970849449851;419203,2000338;117;194;54;35;1;138361;2,43968393;2,438950963;0;0;0;0,999699564771081;1,811012004;1,370040525;0;0;0;0,75650549083826;150835;144316;41;0;0
"84";2015-05-11;2015;2;20;"Albert Heijn";"KarvanCevitam";169040;2,878608613;2,880300362;0;0;0;0,999412648409062;486885,97319248;91;256;105;0;1;145964;2,439747335;2,438936689;0;0;0;0,999667733626195;1,807449416;1,804806075;0;0;0;0,998537529749602;138361;150835;48;0;0
"85";2015-05-18;2015;2;21;"Albert Heijn";"KarvanCevitam";173306;2,869164368;2,881468422;0;17;0;0,99572993619987;499375,766343132;77;140;15;33;1;169040;2,429427335;2,42889943;0;0;0;0,999782703935041;1,809027169;1,808053364;0;0;0;0,999461696862995;145964;138361;94;0;0
"86";2015-05-25;2015;2;22;"Albert Heijn";"KarvanCevitam";182406;2,866151881;2,866816861;0;18;0;0,9997680423856;522924,596347566;97;153;33;10;1;173306;2,428519625;2,427956485;0;0;0;0,999768113877194;1,80502032;1,803949319;0;0;0;0,999406654325088;169040;145964;100;0;0
"87";2015-06-01;2015;2;23;"Albert Heijn";"KarvanCevitam";186178;2,853308662;2,888819682;0;17;0;0,987707429362495;537834,670755396;61;161;56;0;1;182406;2,425961201;2,425393681;0;0;0;0,999766063859651;1,808425875;1,807852119;0;0;0;0,999682731812273;173306;169040;45;0;0
"88";2015-06-08;2015;2;24;"Albert Heijn";"KarvanCevitam";911867;2,059064973;2,805594948;37;26;36;0,73391384400226;2558329,44844792;79;172;132;0;1;186178;2,421107948;2,420133943;0;0;0;0,999597702778679;1,808236184;1,807728931;0;0;0;0,999719476357962;182406;173306;72;1;0
"89";2015-06-15;2015;2;25;"Albert Heijn";"KarvanCevitam";141896;2,745121075;2,860214802;0;19;0;0,959760460326434;405853,039544592;76;175;139;0;1;911867;2,425665093;2,424348141;0;0;0;0,999457075915467;1,814020874;1,813939856;0;0;0;0,999955337889899;186178;182406;60;0;0
"90";2015-06-22;2015;2;26;"Albert Heijn";"KarvanCevitam";145696,4;2,86656019;2,87434061;0;10;0;0,997293146131349;418781,079250804;76;153;14;39;1;141896;2,42524218;2,424742009;0;0;0;0,99979376451386;1,813552081;1,813424832;0;0;0;0,9999298343834;911867;186178;21;0;0
"91";2015-06-29;2015;2;27;"Albert Heijn";"KarvanCevitam";253306;2,873346072;2,881297167;0;10;0;0,997240446042475;729849,860184102;112;242;92;0;1;145696,4;2,423706503;2,423259877;0;0;0;0,999815726038014;1,81189554;1,811595957;0;0;0;0,999834657686723;141896;911867;79;1;0
"92";2015-07-06;2015;3;28;"Albert Heijn";"KarvanCevitam";153980,8;2,876994404;2,878815063;0;6;0;0,999367566529924;443282,24645279;139;238;109;0;1;253306;2,358783339;1,846453086;0;77;0;0,782798935142046;1,808056258;1,807747346;0;0;0;0,999829146909211;145696,4;141896;49;0;0
"93";2015-07-13;2015;3;29;"Albert Heijn";"KarvanCevitam";814560,1;2,055610261;2,85536563;51;0;49;0,719911397476617;2325866,91310936;163;196;1;97;0;153980,8;2,405516984;2,391166963;0;0;0;0,99403453765014;1,785392264;1,784709031;0;0;0;0,999617320510581;253306;145696,4;74;0;0
"94";2015-07-20;2015;3;30;"Albert Heijn";"KarvanCevitam";126522;2,718320924;2,866545074;0;29;0;0,948291707901468;362681,015852628;96;214;36;4;0;814560,1;2,419287489;2,417964501;0;0;0;0,999453149736848;1,793797909;1,793336907;0;0;0;0,999743002264811;153980,8;253306;41;0;0
"95";2015-07-27;2015;3;31;"Albert Heijn";"KarvanCevitam";106602,1;2,870435948;2,872129452;0;14;0;0,999410366409905;306175,031055049;142;197;29;49;0;126522;2,42233467;2,421571899;0;0;0;0,999685109159586;1,797742693;1,797109531;0;0;0;0,999647801655673;814560,1;153980,8;36;0;0
"96";2015-08-03;2015;3;32;"Albert Heijn";"KarvanCevitam";135315;2,846425008;2,861055011;0;10;0;0,994886500628701;387143,658813465;124;300;129;0;0;106602,1;2,423457519;2,422061771;0;0;0;0,999424067478362;1,803568922;1,803368421;0;0;0;0,999888830974212;126522;814560,1;31;0;0
"97";2015-08-10;2015;3;33;"Albert Heijn";"KarvanCevitam";135553;2,860805737;2,880348957;0;11;0;0,993214981833189;390439,942168221;147;252;48;0;0;135315;2,425204144;2,424660885;0;0;0;0,999775994527577;1,812746774;1,807681789;0;0;0;0,997205905936424;106602,1;126522;12;0;0
"98";2015-08-17;2015;3;34;"Albert Heijn";"KarvanCevitam";139694;2,817133162;2,874740022;0;11;0;0,979961019236821;401583,932633268;129;152;0;198;0;135553;2,425908496;2,425439541;0;0;0;0,999806688916431;1,803441166;1,373170141;0;0;0;0,761416655496262;135315;106602,1;22;0;0
"99";2015-08-24;2015;3;35;"Albert Heijn";"KarvanCevitam";347332;2,044228001;2,835441223;49;5;46;0,720955872552749;984839,470867036;133;231;48;16;0;139694;2,426250787;2,425639411;0;0;0;0,999748016155924;1,827724999;1,797638614;0;0;0;0,983538888499932;135553;135315;31;0;1
"100";2015-08-31;2015;3;36;"Albert Heijn";"KarvanCevitam";137494;2,80316232;2,867099668;0;12;0;0,977699642355091;394209,001751992;175;265;45;31;0;347332;2,425227208;2,424332727;0;0;0;0,999631176412235;1,828869406;1,788962355;0;0;0;0,978179387293004;139694;135553;25;0;0
"101";2015-09-07;2015;3;37;"Albert Heijn";"KarvanCevitam";123219;2,811987599;2,875243423;0;8;0;0,977999836989802;354284,619338637;123;169;35;23;0;137494;2,429204641;2,428056646;0;0;0;0,999527419394552;1,82498003;1,799458108;0;0;0;0,986015232177636;347332;139694;15;0;0
"102";2015-09-14;2015;3;38;"Albert Heijn";"KarvanCevitam";121041;2,818988607;2,821583062;0;10;0;0,999080496677577;341527,235407542;113;198;36;43;0;123219;2,428241878;2,427433137;0;0;0;0,999666943805176;1,815156893;1,805518032;0;0;0;0,994689791809638;137494;347332;20;0;0
"103";2015-09-21;2015;3;39;"Albert Heijn";"KarvanCevitam";123447;2,812173645;2,830947666;0;8;0;0,993368291040672;349471,996524702;110;186;52;24;0;121041;2,425435558;2,424096036;0;0;0;0,999447718989861;1,809319037;1,808640356;0;0;0;0,999624896999301;123219;137494;10;0;0
"104";2015-09-28;2015;3;40;"Albert Heijn";"KarvanCevitam";674903;2,053517913;2,800037436;50;0;50;0,733389449225921;1889753,66566871;44;160;25;0;0;123447;2,419248488;2,418069746;0;0;0;0,999512765221991;1,810508455;1,809732748;0;1;0;0,999571552953615;121041;123219;20;0;0
"105";2015-10-05;2015;4;41;"Albert Heijn";"KarvanCevitam";100546;2,750462475;2,793462714;0;11;0;0,984606832665245;280871,502041844;57;169;34;20;0;674903;2,42850284;2,427915858;0;0;0;0,999758294703085;1,810503853;1,810266746;0;0;0;0,999869038113558;123447;121041;10;0;0
"106";2015-10-12;2015;4;42;"Albert Heijn";"KarvanCevitam";95567;2,740576768;2,871206022;0;9;0;0,954503698794485;274392,545904474;9;102;82;0;0;100546;2,429288712;2,428086446;0;0;0;0,999505095465162;1,810288551;1,801191437;0;0;0;0,994974771289928;674903;123447;0;0;0
"107";2015-10-19;2015;4;43;"Albert Heijn";"KarvanCevitam";103019;2,758169852;2,817851521;0;7;0;0,97882015125523;290292,245841899;52;125;0;0;0;95567;2,430224511;2,428018538;0;0;0;0,999092276046919;1,812417663;1,801323494;0;0;0;0,993878801102812;100546;674903;10;0;0
"108";2015-10-26;2015;4;44;"Albert Heijn";"KarvanCevitam";117721;2,669902566;2,823867528;0;0;0;0,945477271694453;332428,509263688;30;158;90;0;0;103019;2,429678621;2,427929658;0;0;0;0,999280166938589;1,802066061;1,731741881;0;1;0;0,960975803539091;95567;100546;10;0;0
"109";2015-11-02;2015;4;45;"Albert Heijn";"KarvanCevitam";117673;2,663518394;2,785896475;0;5;0;0,956072279749735;327824,795902675;9;159;85;0;0;117721;2,43073199;2,429214339;0;0;0;0,999375640339518;1,805871461;1,737869315;0;0;0;0,96234386141617;103019;95567;14;0;0
"110";2015-11-09;2015;4;46;"Albert Heijn";"KarvanCevitam";118073;2,663845248;2,771873068;0;3;0;0,961027140366876;327283,368757964;120;160;7;65;0;117673;2,430001297;2,428506566;0;0;0;0,999384884690455;1,800875383;1,740321575;0;0;0;0,966375348027066;117721;103019;19;0;0
"111";2015-11-16;2015;4;47;"Albert Heijn";"KarvanCevitam";121123;2,666464668;2,764158172;0;2;0;0,964657050023547;334803,130267156;113;137;0;27;0;118073;2,430067471;2,428807097;0;0;0;0,999481341972994;1,804349435;1,742265769;0;0;0;0,965592215789399;117673;117721;9;0;0
"112";2015-11-23;2015;4;48;"Albert Heijn";"KarvanCevitam";454665;2,291232886;2,662580287;50;0;50;0,860531003398058;1210582,06618885;-26;80;42;0;0;121123;2,426958611;2,426408739;0;0;0;0,999773431653302;1,742286664;1,737517434;0;1;0;0,997262660560662;118073;117673;0;1;0
"113";2015-11-30;2015;4;49;"Albert Heijn";"KarvanCevitam";101494;2,639209214;2,660922021;0;9;0;0,991840119015649;270067,619599374;65;126;0;127;0;454665;2,429041102;2,428594806;0;0;0;0,999816266591935;1,736020054;1,414005077;0;0;0;0,814509644483635;121123;118073;28;0;1
"114";2015-12-07;2015;4;50;"Albert Heijn";"KarvanCevitam";105157,5;2,66775551;2,668065521;0;0;0;0,999883806826497;280567,100024557;88;124;11;27;0;101494;2,43291161;2,421578469;0;0;0;0,995341737466574;1,741526898;1,74140669;0;0;0;0,99993097551342;454665;121123;0;0;0
"115";2015-12-14;2015;4;51;"Albert Heijn";"KarvanCevitam";112900;2,669596103;2,670212238;0;0;0;0,999769256169517;301466,9616702;64;100;7;0;0;105157,5;2,431894325;2,431336595;0;0;0;0,999770660265018;1,741846578;1,741183805;0;0;0;0,999619499783522;101494;454665;10;0;0
"116";2015-12-21;2015;4;52;"Albert Heijn";"KarvanCevitam";112304;2,669890654;2,671445789;0;0;0;0,999417867655633;300014,047887856;84;118;15;50;0;112900;2,429953809;2,429321356;0;0;0;0,999739726328271;1,741933419;1,741257647;0;0;0;0,999612056354951;105157,5;101494;0;0;0
"117";2015-12-28;2015;4;53;"Albert Heijn";"KarvanCevitam";119281;2,866808628;2,866813659;0;0;0;0,999998245089985;341956,400059179;65;121;56;0;0;112304;2,540028289;2,540012788;0;0;0;0,999993897312063;1,98931163;1,98931163;0;0;0;1;112900;105157,5;0;0;0
"118";2016-01-04;2016;1;1;"Albert Heijn";"KarvanCevitam";122760;2,868267351;2,868395845;0;0;0;0,999955203532935;352124,2739322;38;70;0;115;0;119281;2,540486766;2,53999025;0;0;0;0,999804558714241;1,990218434;1,990218434;0;0;0;1;112304;112900;20;0;0
"119";2016-01-11;2016;1;2;"Albert Heijn";"KarvanCevitam";123682;2,86947171;2,870190559;0;0;0;0,999749546594477;354990,908718238;21;67;0;20;0;122760;2,541279185;2,539995617;0;0;0;0,999494912637865;1,99107867;1,990841154;0;0;0;0,999880709886767;119281;112304;10;0;0
"120";2016-01-18;2016;1;3;"Albert Heijn";"KarvanCevitam";129387;2,86792568;2,869557686;0;0;0;0,999431269143686;371283,460318482;-67;0;69;0;0;123682;2,540425681;2,53958626;0;0;0;0,999669574667632;1,990834113;1,990570894;0;0;0;0,999867784564128;122760;119281;10;0;0
"121";2016-01-25;2016;1;4;"Albert Heijn";"KarvanCevitam";130615;2,868844313;2,870520569;0;0;0;0,999416044595499;374933,044119935;74;146;48;0;0;129387;2,541476538;2,540265922;0;0;0;0,999523656432826;1,990479574;1,990367081;0;0;0;0,999943484474059;123682;122760;20;0;0
"122";2016-02-01;2016;1;5;"Albert Heijn";"KarvanCevitam";122430;2,869228947;2,873757525;0;0;0;0,998424161412157;351834,13378575;106;119;0;21;0;130615;2,540514893;2,539075213;0;0;0;0,999433311725915;1,991638174;1,990426489;0;0;0;0,999391613890606;129387;123682;10;0;0
"123";2016-02-08;2016;1;6;"Albert Heijn";"KarvanCevitam";733210;2,052151225;2,82812811;50;0;50;0,725621734653314;2073611,8115331;70;99;35;102;0;122430;2,540248184;2,535693701;0;0;0;0,998207071644146;1,933841287;1,857991563;0;0;0;0,960777689198235;130615;129387;0;0;0
"124";2016-02-15;2016;1;7;"Albert Heijn";"KarvanCevitam";95972;2,76495853;2,794393859;0;0;0;0,989466291981284;268183,567435948;-31;56;55;1;0;733210;2,538196957;2,512113311;0;0;0;0,989723553198634;1,882317043;1,856462467;0;0;0;0,986264494551463;122430;130615;16;0;0
"125";2016-02-22;2016;1;8;"Albert Heijn";"KarvanCevitam";99293;2,853395506;2,876166684;0;0;0;0,992082803084162;285583,218554412;44;113;0;58;0;95972;2,539399743;2,538150793;0;0;0;0,999508171171773;1,868279628;1,857545227;0;0;0;0,994254392736974;733210;122430;10;0;0
"126";2016-02-29;2016;1;9;"Albert Heijn";"KarvanCevitam";105537;2,85801283;2,861624543;0;0;0;0,998737880198562;302007,269394591;-43;67;97;0;0;99293;2,539003048;2,537691476;0;0;0;0,999483430316859;1,857843564;1,754554616;0;0;0;0,944403850786223;95972;733210;21;0;0
"127";2016-03-07;2016;1;10;"Albert Heijn";"KarvanCevitam";116782;2,829915569;2,832424832;0;0;0;0,99911409370104;330776,236730624;-8;78;46;15;0;105537;2,538678265;2,538058245;0;0;0;0,999755770548577;1,838119381;1,754392187;0;0;0;0,954449534200303;99293;95972;10;0;0
"128";2016-03-14;2016;1;11;"Albert Heijn";"KarvanCevitam";122878;2,857596152;2,858637398;0;0;0;0,999635754432959;351263,646191444;-20;104;102;0;0;116782;2,539634971;2,538291677;0;0;0;0,999471068080516;1,844901298;1,756694708;0;0;0;0,95218899238912;105537;99293;10;0;0
"129";2016-03-21;2016;1;12;"Albert Heijn";"KarvanCevitam";127281;2,96174213;2,961889864;0;0;0;0,999950121710535;376992,303779784;58;93;0;11;0;122878;2,539094766;2,538083176;0;0;0;0,999601594232108;1,834062958;1,758412973;0;0;0;0,958752787263915;116782;105537;10;1;0
"130";2016-03-28;2016;1;13;"Albert Heijn";"KarvanCevitam";119622;2,960147799;2,960168698;0;0;0;0,999992939929399;354101,299992156;75;129;62;12;0;127281;2,539428267;2,538166895;0;0;0;0,999503285043964;1,755023705;1,754711345;0;0;0;0,999822019498022;122878;116782;31;0;0
"131";2016-04-04;2016;2;14;"Albert Heijn";"KarvanCevitam";680300;2,059178745;2,935987042;50;0;50;0,7013582538148;1997351,9846726;75;158;51;28;0;119622;2,535312853;2,534309912;0;0;0;0,9996044113456;1,759268782;1,756532258;0;0;0;0,998444510567118;127281;122878;41;0;0
"132";2016-04-11;2016;2;15;"Albert Heijn";"KarvanCevitam";102969;2,875658693;2,890729519;0;17;0;0,994786497352677;297655,527841911;73;182;127;0;0;680300;2,537388779;2,536470176;0;0;0;0,999637973097539;1,756622604;1,755544938;0;0;0;0,999386512505563;119622;127281;21;0;1
"133";2016-04-18;2016;2;16;"Albert Heijn";"KarvanCevitam";108978;2,923530437;2,955319207;0;24;0;0,989243540960075;322064,776540446;-1;130;67;0;0;102969;2,536905004;2,535809386;0;0;0;0,999568128093771;1,757304708;1,756585618;0;0;0;0,999590799480178;680300;119622;32;0;0
"134";2016-04-25;2016;2;17;"Albert Heijn";"KarvanCevitam";108070;2,919234755;2,965152248;0;23;0;0,984514288252493;320444,00344136;17;80;17;33;0;108978;2,533500511;2,466171373;0;0;0;0,973424462435405;1,755492941;1,754900366;0;0;0;0,999662445239078;102969;680300;37;0;0
"135";2016-05-02;2016;2;18;"Albert Heijn";"KarvanCevitam";142128;2,927571626;2,958123838;0;23;0;0,989671760320671;420432,224847264;16;179;105;1;0;108070;2,536353498;2,479440129;0;0;0;0,977560947618351;1,755523829;1,754874883;0;0;0;0,999630340534671;108978;102969;18;0;0
"136";2016-05-09;2016;2;19;"Albert Heijn";"KarvanCevitam";163870;2,932532495;2,940681236;0;23;0;0,997228961473198;481889,43414332;142;253;131;0;0;142128;2,540388194;2,493885185;0;0;0;0,981694526407486;1,75656947;1,756434956;0;0;0;0,999923422328409;108070;108978;43;0;0
"137";2016-05-16;2016;2;20;"Albert Heijn";"KarvanCevitam";141451;2,935217849;2,939397153;0;13;0;0,998578176482299;415780,666689003;40;136;42;5;0;163870;2,538848565;2,511090799;0;0;0;0,9890667894168;1,756954519;1,756778083;0;0;0;0,999899578504684;142128;108070;31;0;0
"138";2016-05-23;2016;2;21;"Albert Heijn";"KarvanCevitam";132658;2,951114143;2,95850143;0;13;0;0,997503030782716;392468,88270094;105;133;1;158;0;141451;2,527833449;2,032349378;100;0;0;0,803988640471542;1,758381404;1,75673072;0;0;0;0,99906124803399;163870;142128;25;0;0
"139";2016-05-30;2016;2;22;"Albert Heijn";"KarvanCevitam";147959;2,948311357;2,950745666;0;19;0;0,999175019037374;436589,377995694;153;180;0;32;0;132658;2,529254343;2,499391704;0;0;0;0,988193105575701;1,747790126;1,4404971;0;1;0;0,824181964740085;141451;163870;25;0;0
"140";2016-06-06;2016;2;23;"Albert Heijn";"KarvanCevitam";154891;2,950422555;2,955019708;0;20;0;0,998444290240246;457705,957591828;117;256;146;0;0;147959;2,531112072;2,448117873;0;0;0;0,96721038158756;1,75866103;1,752922992;0;0;0;0,996737268921004;132658;141451;21;0;0
"141";2016-06-13;2016;2;24;"Albert Heijn";"KarvanCevitam";888456;1,78445618;2,878308492;50;0;50;0,619966964958668;2557250,44956835;146;190;14;15;0;154891;2,532664033;2,524397419;0;0;0;0,996736000554243;1,756732833;1,754468884;0;0;0;0,998711273019168;147959;132658;20;0;1
"142";2016-06-20;2016;2;25;"Albert Heijn";"KarvanCevitam";116147;2,775208141;2,81509616;0;22;0;0,985830672654536;326964,97369552;141;168;2;90;0;888456;2,516337187;2,088770647;0;0;0;0,83008376532012;1,756566064;1,755945291;0;0;0;0,999646598546606;154891;147959;20;0;0
"143";2016-06-27;2016;2;26;"Albert Heijn";"KarvanCevitam";109869;2,945464144;2,957430292;0;19;0;0,995953869806376;324929,908751748;109;189;38;20;0;116147;2,529403616;2,522612264;0;0;0;0,997315038233898;1,754651351;1,754538101;0;0;0;0,999935457263384;888456;154891;15;0;0
"144";2016-07-04;2016;3;27;"Albert Heijn";"KarvanCevitam";123635;2,936974967;2,951458515;0;12;0;0,995092748915022;364903,573502025;86;228;132;0;0;109869;2,539638865;2,510626362;0;0;0;0,988576130488537;1,754834147;1,753447165;0;0;0;0,999209622172915;116147;888456;11;0;0
"145";2016-07-11;2016;3;28;"Albert Heijn";"KarvanCevitam";116567;2,942390213;2,946549352;0;16;0;0,998588471291962;343470,418314584;162;217;62;0;0;123635;2,38867336;1,50452009;0;18;0;0,629855933923088;1,751688016;1,751113009;0;0;0;0,999671741203486;109869;116147;22;0;0
"146";2016-07-18;2016;3;29;"Albert Heijn";"KarvanCevitam";162536;2,935857902;2,943502912;0;15;0;0,997402750998196;478425,189304832;132;265;134;0;0;116567;2,598570394;2,334346479;0;18;0;0,898319508445843;1,753255907;1,75288355;0;0;0;0,999787619708844;123635;109869;19;0;0
"147";2016-07-25;2016;3;30;"Albert Heijn";"KarvanCevitam";124420;2,940819804;2,949585937;0;6;0;0,99702801234233;366987,48228154;126;224;38;3;0;162536;2,492155942;2,291803914;0;0;0;0,919606945687671;1,750914617;1,746017901;0;0;0;0,99720333821395;116567;123635;12;0;0
"148";2016-08-01;2016;3;31;"Albert Heijn";"KarvanCevitam";106178;2,930521389;2,946750885;0;7;0;0,994492409900472;312880,11546753;131;210;84;11;0;124420;2,575218796;2,366666667;0;14;0;0,919015763117318;1,750560986;1,744792733;0;0;0;0,99670491171337;162536;116567;13;0;0
"149";2016-08-08;2016;3;32;"Albert Heijn";"KarvanCevitam";101908;2,939831024;2,943382729;0;7;0;0,99879332546019;299954,247146932;125;205;68;6;0;106178;2,511491287;2,420679086;0;9;0;0,963841323491719;1,753430321;1,751736456;0;0;0;0,999033970737409;124420;162536;13;0;0
"150";2016-08-15;2016;3;33;"Albert Heijn";"KarvanCevitam";120458;2,943784556;2,947575632;0;8;0;0,998713832493782;355059,065479456;82;217;123;0;0;101908;2,459652226;2,439565733;0;7;0;0,991833604447135;1,755654115;1,754592083;0;0;0;0,999395079024435;106178;124420;0;0;0
"151";2016-08-22;2016;3;34;"Albert Heijn";"KarvanCevitam";637182;2,080328697;2,901662358;50;0;50;0,716943751661681;1848887,02459516;142;227;41;57;0;120458;2,430799993;2,427220213;0;11;0;0,998527324333426;1,756418463;1,756118418;0;0;0;0,999829172258024;101908;106178;12;0;0
"152";2016-08-29;2016;3;35;"Albert Heijn";"KarvanCevitam";109906;2,933366695;2,94069935425;0;10;0;0,997506491359138;323200,5032282;100;214;57;3;0;637182;2,47689688;2,463799244;0;0;0;0,994712078607003;1,752788692;1,752603143;0;0;0;0,999894140690862;120458;101908;17;0;0
"153";2016-09-05;2016;3;36;"Albert Heijn";"KarvanCevitam";119278;2,957708882;2,959346608;0;7;0;0,999446592029615;352984,944709024;115;228;80;0;0;109906;2,479386967;2,473194862;0;0;0;0,99750256612525;1,754057605;1,753873647;0;0;0;0,999895124310926;637182;120458;17;0;0
"154";2016-09-12;2016;3;37;"Albert Heijn";"KarvanCevitam";144258;2,952517018;2,954212819;0;0;0;0,999425971958048;426168,832843302;150;281;115;0;0;119278;2,488140284;2,47911491;0;0;0;0,996372642628698;1,874534136;1,874534136;9;2;5;1;109906;637182;11;0;0
"155";2016-09-19;2016;3;38;"Albert Heijn";"KarvanCevitam";131290;2,951176784;2,952076446;0;0;0;0,999695244341921;387578,11659534;95;198;15;0;0;144258;2,38709176;2,02079073;97;0;3;0,846549246183984;1,784252582;1,780709174;0;2;0;0,998014065925561;119278;109906;22;0;0
"156";2016-09-26;2016;3;39;"Albert Heijn";"KarvanCevitam";126091;2,953022024;2,954936354;0;7;0;0,99935215863536;372590,879812214;76;191;42;0;0;131290;2,455647811;2,432181047;0;4;0;0,990443758304883;1,793840377;1,76933526;0;8;0;0,986339299017797;144258;119278;11;0;0
"157";2016-10-03;2016;4;40;"Albert Heijn";"KarvanCevitam";118815;2,951317595;2,954634486;0;8;0;0,998877393797535;351054,89645409;111;190;95;0;0;126091;2,450823963;2,443013225;0;0;0;0,996813015492782;1,762780087;1,761507663;0;0;0;0,999278172013977;131290;144258;11;0;0
"158";2016-10-10;2016;4;41;"Albert Heijn";"KarvanCevitam";111126,5;2,954451908;2,956427137;0;0;0;0,999331886460086;328537,40023983;19;135;64;0;0;118815;2,455166311;2,406962484;0;13;0;0,980366369975007;1,754378626;1,753656726;0;0;0;0,999588515278685;126091;131290;11;0;0
"159";2016-10-17;2016;4;42;"Albert Heijn";"KarvanCevitam";107986,3;2,954869275;2,956403313;0;0;0;0,999481113421415;319251,055078612;82;163;43;4;0;111126,5;2,484089793;2,444694557;0;5;0;0,984140977467476;1,755486992;1,755031204;0;0;0;0,999740363783909;118815;126091;0;0;0
"160";2016-10-24;2016;4;43;"Albert Heijn";"KarvanCevitam";119006;2,957126531;2,957334924;0;0;0;0,999929533514007;351940,599965544;41;95;8;0;0;107986,3;2,495489651;2,465682936;0;13;0;0,988055764932523;1,753827351;1,753537888;0;0;0;0,999834953537568;111126,5;118815;11;0;0
"161";2016-10-31;2016;4;44;"Albert Heijn";"KarvanCevitam";119341;2,952591314;2,959068137;0;1;0;0,997811195045151;353138,150537717;29;162;81;0;0;119006;2,490324603;2,474636903;0;4;0;0,993700540089793;1,753528896;1,752877021;0;0;0;0,999628249639064;107986,3;111126,5;0;0;0
"162";2016-11-07;2016;4;45;"Albert Heijn";"KarvanCevitam";114205,5;2,953192272;2,95876114;0;0;0;0,998117837927262;337906,79537427;-1;57;3;19;0;119341;2,49123891;2,38012622;0;0;9;0,955398621322915;1,752900314;1,752649927;0;0;0;0,999857158448772;119006;107986,3;0;1;0
"163";2016-11-14;2016;4;46;"Albert Heijn";"KarvanCevitam";115716;2,955614608;2,959103307;0;0;0;0,998821028319036;342415,598272812;-23;69;0;68;0;114205,5;2,488520509;2,457711763;0;6;0;0,987619653569831;1,752166535;1,751982326;0;1;0;0,999894867869965;119341;119006;10;0;0
"164";2016-11-21;2016;4;47;"Albert Heijn";"KarvanCevitam";614184;2,061058738;2,947169346;51;0;49;0,699335021517287;1810104,25760366;81;139;1;54;0;115716;2,476736722;2,424436975;0;1;0;0,978883606587879;1,753960427;1,753602909;0;0;0;0,999796165298546;114205,5;119341;0;0;0
"165";2016-11-28;2016;4;48;"Albert Heijn";"KarvanCevitam";89222;2,877406918;2,891182193;0;0;0;0,995235417873923;257957,057623846;-41;42;71;0;0;614184;2,490793812;2,45748073;0;5;0;0,986625515994336;1,753025232;1,752870752;0;0;0;0,999911878051051;115716;114205,5;0;0;0
"166";2016-12-05;2016;4;49;"Albert Heijn";"KarvanCevitam";89331;2,944040703;2,953377877;0;7;0;0,99683847635187;263828,199130287;-69;41;67;0;0;89222;2,498142362;2,472955738;0;0;0;0,989917858812564;1,752592256;1,752371362;0;0;0;0,999873961556521;614184;115716;0;0;0
"167";2016-12-12;2016;4;50;"Albert Heijn";"KarvanCevitam";98706;2,947613114;2,956888809;0;0;0;0,996863022048118;291862,666781154;8;76;0;0;0;89331;2,498180641;2,470989313;0;0;0;0,989115547709506;1,754749186;1,75457329;0;0;0;0,999899760033284;89222;614184;0;0;0
"168";2016-12-19;2016;4;51;"Albert Heijn";"KarvanCevitam";528564;2,08064416;2,939553885;52;0;48;0,707809498106887;1553742,35967114;-2;75;45;0;0;98706;2,48361105;2,470257724;0;0;0;0,994623423019478;1,755220554;1,754581183;0;0;0;0,999635731818122;89331;89222;0;0;0
"169";2016-12-26;2016;4;52;"Albert Heijn";"KarvanCevitam";80801;2,783734112;2,91407736;0;4;0;0,955271177838601;235460,36476536;61;118;46;7;0;528564;2,480583583;2,474257508;0;0;0;0,997449763417224;1,754894481;1,754577922;0;0;0;0,999819613655734;98706;89331;0;0;0
